{"target": {"span2_index": 30, "span1_index": 22, "span1_text": "树叶", "span2_text": "他"}, "idx": 0, "label": "false", "text": "为什么要出现一个身穿军装的高大男人？就像一片树叶飘入了树林，他走到了我的家人中间。"}
{"target": {"span2_index": 122, "span1_index": 110, "span1_text": "张浃", "span2_text": "他"}, "idx": 1, "label": "true", "text": "耶律克定说到雁北义军时，提起韦大哥，就连声说不可挡、不可挡，似有谈虎色变之味。后来又听说粘罕在云中，特派人厚币卑词，要与‘韦义士修好’。韦大哥斩钉截铁地回绝了，大义凛然，端的是条好汉。如今张孝纯也想结识他，几次三番派儿子张浃上门来厮缠，定要俺引他上雁门山去见韦大哥。"}
{"target": {"span2_index": 54, "span1_index": 39, "span1_text": "情妇", "span2_text": "她们"}, "idx": 2, "label": "true", "text": "他伯父还有许多女弟子，大半是富商财主的外室；这些财翁白天忙着赚钱，怕小公馆里的情妇长日无聊，要不安分，常常叫她们学点玩艺儿消遣。"}
{"target": {"span2_index": 26, "span1_index": 23, "span1_text": "艳遇", "span2_text": "他"}, "idx": 3, "label": "false", "text": "有亲自在西藏一夜情过的男同学向我倾诉，为了那次艳遇，他要操心的事情未免实在是太多了点。"}
{"target": {"span2_index": 71, "span1_index": 20, "span1_text": "手稿", "span2_text": "它"}, "idx": 4, "label": "true", "text": "“你何必把这事放在心上？何况你的还不过是手稿，并没有发表出来。”龙点睛越发坦率：“如果发表出来了，那倒也就算了。不过既然没发表出来，我何必还让它飘在外头呢？你给我找一找吧，我要收回。”"}
{"target": {"span2_index": 17, "span1_index": 13, "span1_text": "树枝", "span2_text": "它"}, "idx": 5, "label": "false", "text": "我洗过的牛仔裤寂静地晾挂在树枝上，它背后是低处的森林，苍茫的远山。"}
{"target": {"span2_index": 62, "span1_index": 46, "span1_text": "背", "span2_text": "它"}, "idx": 6, "label": "false", "text": "不过还有一峰骆驼更是出尽洋相，不但脖子上缠了四五朵塑料花，耳朵上还各绑了一团红红绿绿的花布，背上还抹了一大团鲜艳的红。时常见它花枝招展、喜气洋洋地在驻地附近走来走去。"}
{"target": {"span2_index": 17, "span1_index": 12, "span1_text": "块状物", "span2_text": "它们"}, "idx": 7, "label": "true", "text": "渐渐地，汤中凝结出一团团块状物，将它们捞起放进盆里冷却，肥皂便出现在世上了。"}
{"target": {"span2_index": 88, "span1_index": 72, "span1_text": "萨沙", "span2_text": "她"}, "idx": 8, "label": "false", "text": "王琦瑶还发现，毛毛娘舅有意地让萨沙吃牌，还有意地出冲，有和也不和的。王琦瑶知道他是要多出钱，又怕别人不接受，就用这个输的方式。想到这些，一边鄙夷萨沙，一边赞赏毛毛娘舅。有一回，她晓得毛毛娘舅早在听和，也推断出他听的是哪一张牌，正巧手里有一张，便往桌上'啪'地一放，还看他一眼。"}
{"target": {"span2_index": 13, "span1_index": 0, "span1_text": "小马", "span2_text": "他"}, "idx": 9, "label": "true", "text": "小马突然就是一阵热泪盈眶。他仰起脸来。他捂住了嫂子的手，说：“嫂子。”"}
{"target": {"span2_index": 69, "span1_index": 25, "span1_text": "年轻人", "span2_text": "他"}, "idx": 10, "label": "true", "text": "这个身材高大，曾经被孙光平拿着菜刀追赶得到处乱窜的年轻人，那天早晨穿上了全新的卡其布中山服，像一个城里来的干部似的脸色红润，准备过河去迎接他的新娘。"}
{"target": {"span2_index": 42, "span1_index": 27, "span1_text": "瘦屁股", "span2_text": "他"}, "idx": 11, "label": "false", "text": "圆得卷起来的屁股走远以后，哭哭啼啼的小屁股也走了，一个瘦屁股对着李光头破口大骂，喷了他一脸的唾沫，接着她伸手抹了抹自己的嘴也走了。"}
{"target": {"span2_index": 27, "span1_index": 5, "span1_text": "建筑", "span2_text": "它们"}, "idx": 12, "label": "true", "text": "大街两侧的建筑沉浸在睡眠中，仿佛盖着一张灰色的大毯子。它们在白日或许十足壮观，但在黑暗中，却像男人疲惫的身影。"}
{"target": {"span2_index": 38, "span1_index": 13, "span1_text": "宋凡平", "span2_text": "她"}, "idx": 13, "label": "false", "text": "李兰坐上汽车来上海治病时，宋凡平曾经说过，等她的病治好了，他要亲自到上海来接她。"}
{"target": {"span2_index": 24, "span1_index": 17, "span1_text": "圣三一大教堂", "span2_text": "它"}, "idx": 14, "label": "true", "text": "在洛伦佐大街的尽头处，矗立着著名的圣三一大教堂。它有着巨大的穹顶，还有明亮的彩色玻璃窗，上面描绘着《旧约》和《新约》的场景。"}
{"target": {"span2_index": 23, "span1_index": 2, "span1_text": "南方人", "span2_text": "他们"}, "idx": 15, "label": "false", "text": "那些南方人对于他们侨居北平的得意，仿佛犹太人爱他们入籍归化的国家，不住地挂在口头上。"}
{"target": {"span2_index": 55, "span1_index": 19, "span1_text": "五指仙", "span2_text": "他"}, "idx": 16, "label": "false", "text": "当年“花活”这句话差点断送了如日中天的五指仙，用这话评点五指仙的是一位算命瞎子。他坐在树下等待生意上门时一律拉他的胡琴。"}
{"target": {"span2_index": 26, "span1_index": 5, "span1_text": "哈哈", "span2_text": "她"}, "idx": 17, "label": "true", "text": "麦克爱听、哈哈爱说、麦克用爱的气氛给哈哈制造了一个由她畅开说的舞台，哪怕哈哈自己也怀疑麦克是否真听得懂，但她一见麦克，要说的话就跟洪水泛滥似的挡不住。"}
{"target": {"span2_index": 84, "span1_index": 44, "span1_text": "蒋盈波", "span2_text": "她"}, "idx": 18, "label": "true", "text": "那发型是时下相当流行的，头发加上面庞构成一个金字塔形，鞠琴在崩龙珍一进屋时便随口夸赞过，蒋盈波至今仍只进公营理发馆剪发而未曾进过个体发廊，并且对于别人的发型也懒得品评，她双手不停地编结着毛衣，抬眼望了崩龙珍一下，毫不通融地说：“难看。"}
{"target": {"span2_index": 42, "span1_index": 27, "span1_text": "生脱发病的人", "span2_text": "他"}, "idx": 19, "label": "true", "text": "“她序上明明引着JulesTellier的比喻，说有个生脱发病的人去理发，那剃头的对他说不用剪发，等不了几天，头毛压儿全掉光了；大部分现代文学也同样的不值批评。这比喻还算俏皮。”"}
{"target": {"span2_index": 29, "span1_index": 24, "span1_text": "大厨师", "span2_text": "她"}, "idx": 20, "label": "false", "text": "西人也深知田月明舅母的川菜手艺超过许多高级餐馆的大厨师，光她那泡豇豆和卤口条就足能令人垂涎三尺，但西人说：“不去。去了那儿，我就没法子吃你了！”"}
{"target": {"span2_index": 53, "span1_index": 0, "span1_text": "胡雪岩", "span2_text": "他"}, "idx": 21, "label": "true", "text": "胡雪岩离船登岸，坐轿进城，等王有龄到家，他接着也到了他那里，脸上是掩抑不住的笑容，王有龄夫妇都觉得奇怪，问他什么事这么高兴。"}
{"target": {"span2_index": 40, "span1_index": 16, "span1_text": "富人", "span2_text": "他们"}, "idx": 22, "label": "false", "text": "城市被区隔成富人区和贫民窟，只有富人能享受到城市的便利，而穷人被遗忘在角落，任由他们苦苦挣扎。"}
{"target": {"span2_index": 71, "span1_index": 4, "span1_text": "犹太老男人", "span2_text": "她"}, "idx": 23, "label": "false", "text": "还是那个犹太老男人，还是那套难看极了的枣红色西服，还是一个秃顶，但他边上坐了一个人，一个女人，穿一条同样难看极了的花绵绸连衣裙，露出白胖小腿，她起码五十岁了，头发鲜红，涂着这么远看过去依然触目惊心的鲜红唇膏。"}
{"target": {"span2_index": 35, "span1_index": 24, "span1_text": "王琦瑶", "span2_text": "她"}, "idx": 24, "label": "true", "text": "李主任可怜王琦瑶，也可怜自己，因可怜自己，更可怜王琦瑶，不知道该怎么待她好。越这样，王琦瑶越恋他。"}
{"target": {"span2_index": 50, "span1_index": 6, "span1_text": "毛豆", "span2_text": "他"}, "idx": 25, "label": "true", "text": "韩燕来，也叫毛豆，一个上海北郊的男孩，在家中是老小，又是父母中年时生的，人称“奶末头”，家中人都娇宝他。"}
{"target": {"span2_index": 38, "span1_index": 7, "span1_text": "女孩子", "span2_text": "她"}, "idx": 26, "label": "true", "text": "这家人也有一个女孩子，年纪不大，远远地盯着我，害羞而好奇。我一对上她的目光，她就慌不迭扭头而去。"}
{"target": {"span2_index": 17, "span1_index": 12, "span1_text": "块状物", "span2_text": "它们"}, "idx": 27, "label": "true", "text": "渐渐地，汤中凝结出一团团块状物，将它们捞起放进盆里冷却，肥皂便出现在世上了。"}
{"target": {"span2_index": 52, "span1_index": 42, "span1_text": "那个东西", "span2_text": "它"}, "idx": 28, "label": "true", "text": "我让他歇会儿，他说从现在起他就要抓紧时间，因为他这辈子已经有了目标，刚有的，他要研究那个东西，还要制造出它来。"}
{"target": {"span2_index": 62, "span1_index": 4, "span1_text": "一峰骆驼", "span2_text": "它"}, "idx": 29, "label": "true", "text": "不过还有一峰骆驼更是出尽洋相，不但脖子上缠了四五朵塑料花，耳朵上还各绑了一团红红绿绿的花布，背上还抹了一大团鲜艳的红。时常见它花枝招展、喜气洋洋地在驻地附近走来走去。"}
{"target": {"span2_index": 62, "span1_index": 59, "span1_text": "太宗", "span2_text": "他"}, "idx": 30, "label": "true", "text": "太宗年间，全国统一的形势已成，吴越国王钱俶在杭州割据自雄的一隅之地看来也难于保全了。他跑到东京来贺正，心里惴惴然，唯恐太宗把他扣留起来，不让回去。"}
{"target": {"span2_index": 58, "span1_index": 23, "span1_text": "这个男人", "span2_text": "他"}, "idx": 31, "label": "true", "text": "她坐在飞机上，身旁是一个从美国留学归来的博士，这个男人刚刚自己创业，比她大十岁，有妻子有孩子，两个多小时的飞行期间，他满怀激情地向她描述了自己事业的远大前程。"}
{"target": {"span2_index": 30, "span1_index": 0, "span1_text": "航行委员会", "span2_text": "它"}, "idx": 32, "label": "false", "text": "航行委员会的计划是：地球第15圈的公转轨道是如此之扁，以至于它的远日点到达木星轨道，地球将与木星在几乎相撞的距离上擦身而过，在木星巨大引力的拉动下，地球将最终达到逃逸速度。"}
{"target": {"span2_index": 58, "span1_index": 31, "span1_text": "警察", "span2_text": "他们"}, "idx": 33, "label": "true", "text": "俾斯麦曾说过，法国公使大使的特点，就是一句外国话不会讲；这几位警察并不懂德文，居然传情达意，引得犹太女人格格地笑，比他们的外交官强多了。"}
{"target": {"span2_index": 86, "span1_index": 18, "span1_text": "郭药师", "span2_text": "他"}, "idx": 34, "label": "true", "text": "这样做，倒真是在炮制一个安禄山，如果郭药师的野心和实力，当时还没有发展到像安禄山在天宝末年那么大的程度。从这点来看，他们的老上司、老丈人的忧心忡忡，并非毫无理由，这就怪不得他一天要几次闯进女儿的高墙去破坏他们的宁静生活。"}
{"target": {"span2_index": 43, "span1_index": 22, "span1_text": "小马", "span2_text": "他"}, "idx": 35, "label": "true", "text": "坐公共汽车——盲人乘坐公共汽车向来可以免票，小马当然也可以免票。然而，没有一个司机相信他有残疾。"}
{"target": {"span2_index": 22, "span1_index": 7, "span1_text": "腮帮", "span2_text": "它"}, "idx": 36, "label": "false", "text": "我情意绵绵地把腮帮贴在枕头的鼓溜溜的面颊上，它像我们童年的脸庞，那么饱满、娇嫩、清新。"}
{"target": {"span2_index": 58, "span1_index": 54, "span1_text": "老太太", "span2_text": "她们"}, "idx": 37, "label": "true", "text": "对面有一个不知所起的绿皮火车厢，敞开车门，我约的那个人——网名叫“林老板”——就坐在车里刷手机，边上坐着几个老太太，她们看起来也没有等人，就是打扮妥当，化着浓妆，坐在那里。"}
{"target": {"span2_index": 42, "span1_index": 35, "span1_text": "赵霄云", "span2_text": "他"}, "idx": 38, "label": "true", "text": "但我没有地方可以去，在东方新天地吹了八个小时空调后，我在半夜十二点回到赵霄云的房子，他一直没有找过我，他已经睡了，第二天要赶八点飞机。"}
{"target": {"span2_index": 17, "span1_index": 5, "span1_text": "书", "span2_text": "它们"}, "idx": 39, "label": "false", "text": "这并不意味书中的故事有趋同的主题，它们之间并无明显关联，书中既有历史和人心的混杂产物（《北方大道》、《椰树长影》、《永生》），也有完全纯粹的情感故事（《我和你只有这四个夜晚》），更有一些无法定义的故事（《盐井风筝》、《柠檬裙子》）。"}
{"target": {"span2_index": 52, "span1_index": 8, "span1_text": "两位漂亮的朝鲜女导游", "span2_text": "她们"}, "idx": 40, "label": "true", "text": "负责接待我们的是两位漂亮的朝鲜女导游，身材高挑，露出比例完美的小腿。一个姓韩，一个姓金，自称小韩和小金。她们的中文说得毫无口音，言谈举止也相当亲切。"}
{"target": {"span2_index": 35, "span1_index": 11, "span1_text": "钢丝床", "span2_text": "她"}, "idx": 41, "label": "false", "text": "小孔在杂乱的人声里听到钢丝床的声音，“咯吱”一声。知道了，是王大夫在给她挪座位。"}
{"target": {"span2_index": 26, "span1_index": 13, "span1_text": "王冰棍", "span2_text": "他"}, "idx": 42, "label": "true", "text": "两个孩子走上了台阶，走到了王冰棍面前，宋钢抹着眼泪问他：“外面趴着的是不是我们的爸爸？”"}
{"target": {"span2_index": 54, "span1_index": 18, "span1_text": "木匠的女儿", "span2_text": "她"}, "idx": 43, "label": "true", "text": "他喜欢上一个粗壮的女同学，是城里一个木匠的女儿。我几次看到哥哥在学校的某个角落，从书包里拿出一包瓜子偷偷塞给她。"}
{"target": {"span2_index": 67, "span1_index": 20, "span1_text": "雷观", "span2_text": "他"}, "idx": 44, "label": "false", "text": "“老爹，你把头颅割了，自己还喝不喝酒？”雷观笑他。何老爹愣了一下，大声地回答：“喝，喝，割了俺十颗头，肚脐眼里也要长出一张嘴来喝酒。”他提起另一件得意事，“那天俺喝了几盅酒，胆气越壮，气力也更大了。"}
{"target": {"span2_index": 41, "span1_index": 6, "span1_text": "盲人", "span2_text": "他们"}, "idx": 45, "label": "true", "text": "这里又要说到盲人的一个特征了，因为彼此都看不见，他们就缺少了目光和表情上的交流，当他们难得在一起嘻笑或起哄的时候，男男女女都免不了手脚并用，也就是“动手动脚”的。"}
{"target": {"span2_index": 46, "span1_index": 31, "span1_text": "领导儿子们", "span2_text": "她们"}, "idx": 46, "label": "false", "text": "她有时从这些嚼舌根的姑娘跟前走过，知道她们正在说着她如何被那些领导儿子们蹬掉的传言，她仍然向她们送去若无其事的微笑，她们的闲言碎语对于她只是无需打伞的稀疏雨点。"}
{"target": {"span2_index": 19, "span1_index": 13, "span1_text": "眼睛", "span2_text": "他"}, "idx": 47, "label": "false", "text": "大家微笑着一起注视塔布斯的眼睛或手指。他的眼睛宁静，手指激动。"}
{"target": {"span2_index": 48, "span1_index": 9, "span1_text": "沙粒", "span2_text": "它"}, "idx": 48, "label": "false", "text": "虽然泥巴里裹有许多沙粒和碎草根，揉进手上的伤口里会很痛（也不知怎么弄的，满手都是细细的伤口），但它最有效，一会儿就把锅碗上的油泥子全擦尽了，再用水冲洗一遍，立刻干干净净、光可鉴人。"}
{"target": {"span2_index": 34, "span1_index": 12, "span1_text": "赵辛楣", "span2_text": "他"}, "idx": 49, "label": "false", "text": "王尔恺跟表伯有往来，还是赵辛楣的上司，家里有太太。可是去年表姐回国，他就讨好个不休不歇，气得赵辛楣人都瘦了。"}
{"target": {"span2_index": 34, "span1_index": 0, "span1_text": "孔子", "span2_text": "她"}, "idx": 50, "label": "false", "text": "孔子在这里只是让子贡去试试那女人是否贞洁，让子贡假装和她调情，然后看她的反应，没想到那个妇人正颜厉色把子贡回绝了，于是孔子才表示羡佩那妇人。"}
{"target": {"span2_index": 36, "span1_index": 21, "span1_text": "情人雷诺", "span2_text": "他"}, "idx": 51, "label": "true", "text": "在经典情色电影《O的故事》中，O娘看上去对情人雷诺百依百顺，甚至愿意为了他去接受SM女郎训练，以便用专业人士的水准伺候雷诺的性生活。但是片子到了最后，却是男人对她俯首称臣。"}
{"target": {"span2_index": 28, "span1_index": 3, "span1_text": "床", "span2_text": "它们"}, "idx": 52, "label": "true", "text": "马力的床还铺在那儿，好象晚上还是有人把它们打开，早晨又把它们叠好。"}
{"target": {"span2_index": 59, "span1_index": 25, "span1_text": "女同事", "span2_text": "她"}, "idx": 53, "label": "true", "text": "这几天北京冷得惊人，大家都时不我待的病了，单位有个女同事声音沙得说什么都像是在轻声低语，又像是永远在唱蔡琴。男同事们对她的兴趣则明显开始升级。"}
{"target": {"span2_index": 45, "span1_index": 41, "span1_text": "赵先生", "span2_text": "他们"}, "idx": 54, "label": "false", "text": "梅亭欢喜得直说：“讨厌，讨厌！我累得很，今天还想早点睡呢！这些孩子热心得不懂道理，赵先生，他们消息真灵呀！”"}
{"target": {"span2_index": 60, "span1_index": 5, "span1_text": "赵大姐", "span2_text": "她"}, "idx": 55, "label": "false", "text": "都红毕竟是赵大姐托付给自己的。可这个话怎么对赵大姐说呢，还是个问题了。赵大姐在电话里给季婷婷交代过的，“无论如何也得帮帮她”，几乎就是恳求了。"}
{"target": {"span2_index": 25, "span1_index": 0, "span1_text": "盲人老板", "span2_text": "他们"}, "idx": 56, "label": "true", "text": "盲人老板就是这点好，在健全人容易忽略的细枝末节上，他们周到得多，关键是，知道把他们的体贴用在恰当的地方。"}
{"target": {"span2_index": 39, "span1_index": 7, "span1_text": "方鸿渐", "span2_text": "他"}, "idx": 57, "label": "true", "text": "唐家车夫走后，方鸿渐上楼洗脸，周太太半楼梯劈面碰见，便想把昨夜女用人告诉的话问他，好容易忍住了，这证明她不但负责任，并且有涵养。"}
{"target": {"span2_index": 35, "span1_index": 24, "span1_text": "赵雨", "span2_text": "他"}, "idx": 58, "label": "false", "text": "赵雨对送东西来的老炊事员道谢，当那老头转身要走，赵雨突然想起了什么，问他：“王师傅，您是从什么时候开始到站上来的？”"}
{"target": {"span2_index": 42, "span1_index": 3, "span1_text": "褚慎明", "span2_text": "他"}, "idx": 59, "label": "true", "text": "天知道褚慎明并没吹牛，罗素确问过他什么时候到英国，有什么计划，茶里要搁几块糖这一类非他自己不能解决的问题。"}
{"target": {"span2_index": 33, "span1_index": 13, "span1_text": "老张", "span2_text": "他"}, "idx": 60, "label": "true", "text": "于大夫简直就要把门关上了，老张却从屋里走了出来，并一直走到了门前。他从于大夫肩膀上望过去，认出果真是庞其杉后，不禁惊喜交加地说：“啊，是其杉咽！我听声音像你，果然是你！请进请进！”"}
{"target": {"span2_index": 56, "span1_index": 42, "span1_text": "黄鸭子", "span2_text": "他们"}, "idx": 61, "label": "false", "text": "但过了一会儿，船平静下来，路灯探照之下，我看见两个人并排挤挤挨挨坐在一起，齐心协力把黄鸭子开回码头。有那么一会儿他们混淆了方向，但最终还是开到了正确的路上，很奇怪，每个人最终都能回到正确的路上。"}
{"target": {"span2_index": 21, "span1_index": 0, "span1_text": "小马", "span2_text": "他"}, "idx": 62, "label": "true", "text": "小马却不知道怎样才能描述嫂子的气味，干脆，他把这股子博大的气味叫做了嫂子。"}
{"target": {"span2_index": 33, "span1_index": 7, "span1_text": "家属", "span2_text": "他"}, "idx": 63, "label": "false", "text": "你想呢？椿寿的家属当然要闹。不过，黄寿臣在这些上的本事最大，不必替他担心。"}
{"target": {"span2_index": 34, "span1_index": 24, "span1_text": "杨承福", "span2_text": "他"}, "idx": 64, "label": "false", "text": "王有龄不曾说出这句话来，何桂清心里却明白：他已听杨承福略略提过，知道他此行是为了上京加捐，是境况似乎并不怎么好，随即问道：“这几年一直在浙江？”"}
{"target": {"span2_index": 22, "span1_index": 18, "span1_text": "意思", "span2_text": "它"}, "idx": 65, "label": "true", "text": "听王大夫这么一说，小孔品味出王大夫的意思了，它的味道比“我想好了”还要好。"}
{"target": {"span2_index": 35, "span1_index": 22, "span1_text": "丛林", "span2_text": "他们"}, "idx": 66, "label": "false", "text": "一经得手，三个孩子迅速撤离，远远消失在西边的丛林中。我悄悄跟上去，看到他们高高围坐在松林中一块大石头上。"}
{"target": {"span2_index": 51, "span1_index": 12, "span1_text": "性关系", "span2_text": "他们"}, "idx": 67, "label": "false", "text": "比如，母亲不准她婚前发生性关系，甚至不准她谈恋爱——尽管学校里有不少男生对她表示了好感。“那你如何拒绝他们？”我问。"}
{"target": {"span2_index": 47, "span1_index": 33, "span1_text": "鞠琴", "span2_text": "他"}, "idx": 68, "label": "false", "text": "只是你别把来路说得那么清楚，”蒋盈波一边坐回沙发去打毛线，一边扫着鞠琴的兴致说，“要不那教授和他的太太会纳闷了，你有亲戚在国外，怎么你亲戚不帮你联系，反倒求他联系？"}
{"target": {"span2_index": 36, "span1_index": 4, "span1_text": "大红斑", "span2_text": "它"}, "idx": 69, "label": "true", "text": "而木星的大红斑就处在天空正中，如一只红色的巨眼盯着我们的世界，大地笼罩在它那阴森的红光中……"}
{"target": {"span2_index": 26, "span1_index": 13, "span1_text": "王冰棍", "span2_text": "他"}, "idx": 70, "label": "true", "text": "两个孩子走上了台阶，走到了王冰棍面前，宋钢抹着眼泪问他：“外面趴着的是不是我们的爸爸？”"}
{"target": {"span2_index": 24, "span1_index": 19, "span1_text": "鸿渐", "span2_text": "她"}, "idx": 71, "label": "false", "text": "说着，苏小姐来了。辛楣利用主人职权，当鸿渐的面向她专利地献殷勤。"}
{"target": {"span2_index": 22, "span1_index": 3, "span1_text": "上帝", "span2_text": "他们"}, "idx": 72, "label": "false", "text": "传说，上帝分配土地时，吉尔吉斯人正在睡觉。等他们一觉醒来，发现土地已经分完。"}
{"target": {"span2_index": 12, "span1_index": 9, "span1_text": "卡西", "span2_text": "她"}, "idx": 73, "label": "false", "text": "可爱的银芭古丽……卡西说她是自己最好的朋友，阿克哈拉寄宿学校的同学，还是同桌呢。"}
{"target": {"span2_index": 32, "span1_index": 10, "span1_text": "沙皇", "span2_text": "他"}, "idx": 74, "label": "false", "text": "伏龙芝死后，斯大林将沙皇时代的突厥斯坦省分割为五个民族共和国。在他看来，应付五个小共和国，显然比对付一个突厥省容易得多。"}
{"target": {"span2_index": 51, "span1_index": 5, "span1_text": "娇滴滴女孩", "span2_text": "她"}, "idx": 75, "label": "true", "text": "“猫”是个娇滴滴女孩，动不动就能当着所有人咧开嘴大哭，哭起来象个幼儿园的孩子一样肆无忌惮。这使老师也拿她没办法。"}
{"target": {"span2_index": 39, "span1_index": 12, "span1_text": "大表姑", "span2_text": "她"}, "idx": 76, "label": "true", "text": "几天之后抱回家，医生交给大表姑一份菜单，大表姑就开始在厨房里转圈，所有的东西经她又切又剁又熬都变成汤灌进我嘴里。"}
{"target": {"span2_index": 65, "span1_index": 38, "span1_text": "李太太", "span2_text": "她"}, "idx": 77, "label": "true", "text": "两星期后，建侯到医院算账并迎接夫人，身体却未消瘦，只是脸黄皮宽，无精打采，而李太太花五百元日金新买来的眼睛，好象美术照相的电光，把她原有的美貌都焕映烘托出来。"}
{"target": {"span2_index": 76, "span1_index": 12, "span1_text": "刘四", "span2_text": "他"}, "idx": 78, "label": "false", "text": "等开出门来，只见院子里与刘四站在一起的那个人，约有五十上下年纪，穿着簇新灰布面的老羊皮的袍子，头上戴着小帽，脚下却穿一双“抓地虎”的快靴，一下子倒认不准他的身分"}
{"target": {"span2_index": 30, "span1_index": 0, "span1_text": "太奶奶", "span2_text": "她"}, "idx": 79, "label": "true", "text": "太奶奶看来已成了父亲的沉重木枷，父亲抬起头望着我，说，你看见她老人家的一口牙了?"}
{"target": {"span2_index": 19, "span1_index": 4, "span1_text": "杨飞", "span2_text": "他"}, "idx": 80, "label": "true", "text": "我往回找杨飞，杨飞又有了新女朋友，这回他老实了，同意当丈夫。"}
{"target": {"span2_index": 50, "span1_index": 0, "span1_text": "韩燕来", "span2_text": "他"}, "idx": 81, "label": "true", "text": "韩燕来，也叫毛豆，一个上海北郊的男孩，在家中是老小，又是父母中年时生的，人称“奶末头”，家中人都娇宝他。"}
{"target": {"span2_index": 73, "span1_index": 67, "span1_text": "宇宙", "span2_text": "它"}, "idx": 82, "label": "false", "text": "当一小时后太阳跌入地平线，黑暗降临大地时，我感到一阵伤感。这转瞬即逝的一天，仿佛是对地球在太阳系四十五亿年进化史的一个短暂的总结。直到宇宙的末日，它不会再回来了。"}
{"target": {"span2_index": 88, "span1_index": 0, "span1_text": "崩龙珍夫妻", "span2_text": "她们"}, "idx": 83, "label": "false", "text": "崩龙珍夫妻康健和美；鞠琴十年前丧偶，两年前重结良缘，现在的老伴是一位以前未曾有过婚史的高级工程师；崩龙珍和鞠琴都尽量避免谈及自己的爱人，也尽量回避提及蒋盈波的亡夫屈晋勇——尽管她们对他都很熟悉；当然也绝不会愚蠢地提出蒋盈波今后是一个人过到底还是再找个老伴的问题来加以讨论，那无论如何还为时过早。"}
{"target": {"span2_index": 25, "span1_index": 13, "span1_text": "乌兹别克大妈", "span2_text": "她们"}, "idx": 84, "label": "true", "text": "我在路上不时遇到穿着长袍的乌兹别克大妈，朝圣之路让她们呼哧带喘。"}
{"target": {"span2_index": 54, "span1_index": 1, "span1_text": "胡雪岩", "span2_text": "他"}, "idx": 85, "label": "false", "text": "但胡雪岩了解他的内心，便不肯这么回答，只说：“你不必过虑！鹤龄跟我说过，无论如何，自保之策，总是有的，可见得他极有把握。而且，人逢喜事精神爽，他此去没有后顾之虑，专心一致对付公事，当然无往不利。”"}
{"target": {"span2_index": 17, "span1_index": 12, "span1_text": "加依娜", "span2_text": "他"}, "idx": 86, "label": "false", "text": "吾纳孜艾踩在秋千横木上，加依娜坐在他腿边。"}
{"target": {"span2_index": 29, "span1_index": 22, "span1_text": "那头小牛", "span2_text": "它"}, "idx": 87, "label": "true", "text": "我们的牛倒是没啥怪相，除了长大了必须得断奶的那头小牛——给它的鼻子打孔，挂了个铁牌。"}
{"target": {"span2_index": 97, "span1_index": 0, "span1_text": "阿二", "span2_text": "他"}, "idx": 88, "label": "true", "text": "阿二是白净的面皮，五官很纤秀，说话轻轻，走路也轻轻。倘若他不是那么好的一种男孩子，家里人就不免要嫌他，邬桥人也要把他作笑料了，就像通常邬桥舞台上的孤独者一样。而现在的情形就有些不同，大家都有点宠他。"}
{"target": {"span2_index": 76, "span1_index": 12, "span1_text": "刘四", "span2_text": "他"}, "idx": 89, "label": "false", "text": "等开出门来，只见院子里与刘四站在一起的那个人，约有五十上下年纪，穿着簇新灰布面的老羊皮的袍子，头上戴着小帽，脚下却穿一双“抓地虎”的快靴，一下子倒认不准他的身分"}
{"target": {"span2_index": 35, "span1_index": 15, "span1_text": "女佣", "span2_text": "她们"}, "idx": 90, "label": "false", "text": "张先生呵呵大笑，一面分付进来的女佣说：“快去跟太太小姐说，客人来了，请她们出来。makeitsnappy！”"}
{"target": {"span2_index": 42, "span1_index": 2, "span1_text": "将军", "span2_text": "他们"}, "idx": 91, "label": "false", "text": "跟随将军的父亲来到这座城市的三姊妹和她们的哥哥安德列，在父亲死后就失去了自己的命运，他们的命运与其掌握者——父亲，一起长眠于这座城市之中。"}
{"target": {"span2_index": 33, "span1_index": 7, "span1_text": "家属", "span2_text": "他"}, "idx": 92, "label": "false", "text": "你想呢？椿寿的家属当然要闹。不过，黄寿臣在这些上的本事最大，不必替他担心。"}
{"target": {"span2_index": 97, "span1_index": 41, "span1_text": "家里人", "span2_text": "他"}, "idx": 93, "label": "false", "text": "阿二是白净的面皮，五官很纤秀，说话轻轻，走路也轻轻。倘若他不是那么好的一种男孩子，家里人就不免要嫌他，邬桥人也要把他作笑料了，就像通常邬桥舞台上的孤独者一样。而现在的情形就有些不同，大家都有点宠他。"}
{"target": {"span2_index": 18, "span1_index": 15, "span1_text": "金庙", "span2_text": "他们"}, "idx": 94, "label": "false", "text": "军队遭到强硬抵抗，因为不敢攻入金庙，他们的还击只能造成平民的伤亡和金庙的损坏"}
{"target": {"span2_index": 27, "span1_index": 13, "span1_text": "我爷爷", "span2_text": "她"}, "idx": 95, "label": "false", "text": "在太祖母绵软的沉默世纪里，我爷爷这一辈早已湮没，只剩下她老人家站在家族的断层带上遥远地俯视她的孙辈与重孙辈。"}
{"target": {"span2_index": 26, "span1_index": 5, "span1_text": "这些书", "span2_text": "它们"}, "idx": 96, "label": "true", "text": "一千年后，这些书准像敦煌石室的卷子那样名贵，现在呢，它们古而不稀，短见浅识的藏书家还不知道收买。"}
{"target": {"span2_index": 24, "span1_index": 19, "span1_text": "鸿渐", "span2_text": "她"}, "idx": 97, "label": "false", "text": "说着，苏小姐来了。辛楣利用主人职权，当鸿渐的面向她专利地献殷勤。"}
{"target": {"span2_index": 51, "span1_index": 2, "span1_text": "车夫", "span2_text": "她"}, "idx": 98, "label": "false", "text": "唐家车夫走后，方鸿渐上楼洗脸，周太太半楼梯劈面碰见，便想把昨夜女用人告诉的话问他，好容易忍住了，这证明她不但负责任，并且有涵养。"}
{"target": {"span2_index": 46, "span1_index": 15, "span1_text": "鞠琴", "span2_text": "他"}, "idx": 99, "label": "false", "text": "“你是心里头不情愿，”崩龙珍对鞠琴说，“我当时对二哥是有意的，二哥真不错，惟一让我犹豫的只是他的岁数，比我大5岁，太大了点……后来是我自己出了事儿，”说到这儿崩龙珍脸上那潜存的惊恐表情浮凸出来，她闭上嘴唇，嘴角下撇，令人不忍目睹。"}
{"target": {"span2_index": 43, "span1_index": 26, "span1_text": "体育委员和文娱委员", "span2_text": "他们"}, "idx": 100, "label": "true", "text": "中学时有一个春天，我们的班主任在厕所后面逮住了我们的体育委员和文娱委员。班会上老师说，他们已经“蠢蠢欲动”了。"}
{"target": {"span2_index": 33, "span1_index": 27, "span1_text": "保质期", "span2_text": "他"}, "idx": 101, "label": "false", "text": "其实并不是如《重庆森林》里金城武所说，每样东西都有一个保质期，所以他担心他的凤梨罐头和爱情都会过期变质，我一直很想找个机会和王家卫辩论，已经吃下去的东西怎么会过期呢？"}
{"target": {"span2_index": 29, "span1_index": 0, "span1_text": "大使馆", "span2_text": "它"}, "idx": 102, "label": "false", "text": "大使馆在42街的尽头，正对着那艘航空母舰，林立成去年才知道它叫无畏号，也是前一个女人告诉他的。"}
{"target": {"span2_index": 29, "span1_index": 8, "span1_text": "情色连载", "span2_text": "它们"}, "idx": 103, "label": "true", "text": "天涯论坛上经常有情色连载，作为一个资深情色文学爱好者，我对它们的质量相当不以为然。"}
{"target": {"span2_index": 35, "span1_index": 7, "span1_text": "生前最后的情景", "span2_text": "它"}, "idx": 104, "label": "true", "text": "我思忖应该找到生前最后的情景，这个最后的情景应该在记忆之路的尽头，找到它也就找到了自己的死亡时刻。"}
{"target": {"span2_index": 34, "span1_index": 24, "span1_text": "杨承福", "span2_text": "他"}, "idx": 105, "label": "false", "text": "王有龄不曾说出这句话来，何桂清心里却明白：他已听杨承福略略提过，知道他此行是为了上京加捐，是境况似乎并不怎么好，随即问道：“这几年一直在浙江？”"}
{"target": {"span2_index": 55, "span1_index": 41, "span1_text": "同行", "span2_text": "他"}, "idx": 106, "label": "false", "text": "蒋盈波原来所在的教研室有位副教授去德国参加一个学术活动，活动中结识了一位华裔德籍的同行，那同行在自己家中招待了他一次，言谈之间，双方忽然都感到巧事真多，而世界真小"}
{"target": {"span2_index": 45, "span1_index": 14, "span1_text": "窗", "span2_text": "它"}, "idx": 107, "label": "false", "text": "忽听窗下弄堂里嘈杂声起，便推窗望去，原来是谁家在鸡窝里抓住一只黄鼠狼。那人倒提着黄鼠狼控诉它的罪孽，围了许多人看，然后，人们簇拥着他向弄口走去。"}
{"target": {"span2_index": 23, "span1_index": 1, "span1_text": "老爹", "span2_text": "他"}, "idx": 108, "label": "true", "text": "“老爹，你把头颅割了，自己还喝不喝酒？”雷观笑他。何老爹愣了一下，大声地回答：“喝，喝，割了俺十颗头，肚脐眼里也要长出一张嘴来喝酒。”他提起另一件得意事，“那天俺喝了几盅酒，胆气越壮，气力也更大了。"}
{"target": {"span2_index": 42, "span1_index": 19, "span1_text": "钱俶", "span2_text": "他"}, "idx": 109, "label": "true", "text": "太宗年间，全国统一的形势已成，吴越国王钱俶在杭州割据自雄的一隅之地看来也难于保全了。他跑到东京来贺正，心里惴惴然，唯恐太宗把他扣留起来，不让回去。"}
{"target": {"span2_index": 55, "span1_index": 0, "span1_text": "黄哈哈", "span2_text": "她"}, "idx": 110, "label": "true", "text": "黄哈哈在纸上写满了'对、错'二字。这两字跟了她几十年，无论干什么都被它们盖上公章，生活凭空增加无数是非与烦恼，她用'对错'惩罚自己和别人。"}
{"target": {"span2_index": 28, "span1_index": 9, "span1_text": "女孩子", "span2_text": "她"}, "idx": 111, "label": "true", "text": "花毡上正躺着的一个女孩子飞跳起来，显然，客人的突然来访令她措手不及。"}
{"target": {"span2_index": 73, "span1_index": 9, "span1_text": "地平线", "span2_text": "它"}, "idx": 112, "label": "false", "text": "当一小时后太阳跌入地平线，黑暗降临大地时，我感到一阵伤感。这转瞬即逝的一天，仿佛是对地球在太阳系四十五亿年进化史的一个短暂的总结。直到宇宙的末日，它不会再回来了。"}
{"target": {"span2_index": 36, "span1_index": 16, "span1_text": "卡西", "span2_text": "她"}, "idx": 113, "label": "true", "text": "每当我们在森林中穿梭，穿红雨鞋的卡西总是轻快地走在最前面。森林清凉碧绿，她就像一个精灵。"}
{"target": {"span2_index": 30, "span1_index": 0, "span1_text": "航行委员会", "span2_text": "它"}, "idx": 114, "label": "false", "text": "航行委员会的计划是：地球第15圈的公转轨道是如此之扁，以至于它的远日点到达木星轨道，地球将与木星在几乎相撞的距离上擦身而过，在木星巨大引力的拉动下，地球将最终达到逃逸速度。"}
{"target": {"span2_index": 34, "span1_index": 4, "span1_text": "二王", "span2_text": "他"}, "idx": 115, "label": "true", "text": "看完后，二王以同情的口气对毛豆说：你们上海的警察都不来找你。毛豆想回他一句，却没有回出来，只是朝了电视瞪着眼。"}
{"target": {"span2_index": 54, "span1_index": 7, "span1_text": "女弟子", "span2_text": "她们"}, "idx": 116, "label": "true", "text": "他伯父还有许多女弟子，大半是富商财主的外室；这些财翁白天忙着赚钱，怕小公馆里的情妇长日无聊，要不安分，常常叫她们学点玩艺儿消遣。"}
{"target": {"span2_index": 41, "span1_index": 13, "span1_text": "“印度门”", "span2_text": "它"}, "idx": 117, "label": "true", "text": "和大吉岭喜马拉雅铁路一样，“印度门”和大英帝国的关联如今已成为浪漫情调的一部分。为它增色的是那些住在充满殖民风情的拱廊下的人们。"}
{"target": {"span2_index": 45, "span1_index": 40, "span1_text": "黄鼠狼", "span2_text": "它"}, "idx": 118, "label": "true", "text": "忽听窗下弄堂里嘈杂声起，便推窗望去，原来是谁家在鸡窝里抓住一只黄鼠狼。那人倒提着黄鼠狼控诉它的罪孽，围了许多人看，然后，人们簇拥着他向弄口走去。"}
{"target": {"span2_index": 66, "span1_index": 12, "span1_text": "她的丈夫", "span2_text": "他"}, "idx": 119, "label": "false", "text": "她想到大石林牙曾经拥戴过她的丈夫和她本人，态度是明朗的，后来又曾反对过她，公开地表示要除去她身边的“佞幸”，杰度也是毫不含糊的。对于他的光明磊落的态度，她却报之以阴谋诡计，玩弄手段，把他软禁起来，要挟他“捐弃成见，共谋国是”。"}
{"target": {"span2_index": 50, "span1_index": 3, "span1_text": "薛纪跃", "span2_text": "她"}, "idx": 120, "label": "false", "text": "终于，薛纪跃似乎把兴趣稳定在一首充满了气声和颤音的歌曲上。薛大娘怜惜地望了他一眼，吁出一口气，继续忙她的一摊子事去了。"}
{"target": {"span2_index": 42, "span1_index": 2, "span1_text": "将军", "span2_text": "他们"}, "idx": 121, "label": "false", "text": "跟随将军的父亲来到这座城市的三姊妹和她们的哥哥安德列，在父亲死后就失去了自己的命运，他们的命运与其掌握者——父亲，一起长眠于这座城市之中。"}
{"target": {"span2_index": 27, "span1_index": 20, "span1_text": "森森", "span2_text": "她"}, "idx": 122, "label": "false", "text": "有个女生当场说，为这事，如果全世界只剩下森森一个男人，她也不会理他。森森当场反驳说，如果全世界只剩下他和她，他就干脆自杀。"}
{"target": {"span2_index": 31, "span1_index": 15, "span1_text": "寿司", "span2_text": "他"}, "idx": 123, "label": "false", "text": "萨曼莎在情人节那天在身上铺满了寿司等待自己小男友归来，不过后来他迟到了，所以那些寿司很大一部分就被萨曼莎自己给吃了。"}
{"target": {"span2_index": 51, "span1_index": 22, "span1_text": "澹台智珠", "span2_text": "他"}, "idx": 124, "label": "false", "text": "澹台智珠嗲声嗲气地说，“您真听不出来吗？奴家澹台智珠是也！”“啊啊——”对方告诉她，“你找你们团长吧？他不在呀，他出去了。”对方“喀哒”把电话挂断了。"}
{"target": {"span2_index": 17, "span1_index": 4, "span1_text": "宋钢", "span2_text": "她"}, "idx": 125, "label": "false", "text": "李光头和宋钢拉着李兰的衣服，跟随着她的步伐又去了照相馆。"}
{"target": {"span2_index": 54, "span1_index": 19, "span1_text": "外室", "span2_text": "她们"}, "idx": 126, "label": "true", "text": "他伯父还有许多女弟子，大半是富商财主的外室；这些财翁白天忙着赚钱，怕小公馆里的情妇长日无聊，要不安分，常常叫她们学点玩艺儿消遣。"}
{"target": {"span2_index": 31, "span1_index": 2, "span1_text": "李鸣", "span2_text": "他"}, "idx": 127, "label": "true", "text": "有时李鸣真想走走神，可有点儿怕她。所有的讲师教授中，他最怕她。他只有在听她的课和做她布置的习题时才认真点儿。因为他在做习题时时常会想起她那对眼睛。"}
{"target": {"span2_index": 36, "span1_index": 9, "span1_text": "夹竹桃", "span2_text": "它"}, "idx": 128, "label": "true", "text": "后来终于进了院子，夹竹桃似乎整年开花，我们小时候都看过《黑猫警长》，知道它茎、叶、花无一不毒，茎中乳白色汁液含有夹竹桃苷，0.5毫克即可致死。"}
{"target": {"span2_index": 47, "span1_index": 34, "span1_text": "影子", "span2_text": "它"}, "idx": 129, "label": "true", "text": "我打开灯，在日光灯完全亮起前的那几下闪动中，我看到纸箱上放隐约有一个影子，是白色的，只一瞬间，它就消失了，没有看清形状。"}
{"target": {"span2_index": 28, "span1_index": 12, "span1_text": "卡西和新来的男孩吾纳孜艾", "span2_text": "他们"}, "idx": 130, "label": "true", "text": "第二天又是一整天雨，但是卡西和新来的男孩吾纳孜艾非要我同他们一起去找牛。"}
{"target": {"span2_index": 41, "span1_index": 9, "span1_text": "哥哥", "span2_text": "他"}, "idx": 131, "label": "false", "text": "后来叙述者的母亲、哥哥和姐姐都离开了，搬到了城里去居住，只有叙述者依然等待着父亲，他从一个孩子开始等待，一直到白发苍苍。"}
{"target": {"span2_index": 34, "span1_index": 6, "span1_text": "林立果", "span2_text": "她"}, "idx": 132, "label": "false", "text": "他的女朋友让林立果给选到美人儿培训队里去了，女的家以为从此升天了，让她跟他吹。老师一气，看着女人就生气，连女学生也不教了。"}
{"target": {"span2_index": 70, "span1_index": 18, "span1_text": "东半球", "span2_text": "它"}, "idx": 133, "label": "false", "text": "当然，以后没有“天”也没有“夜”了，东半球在相当长的一段时间里(有十几年吧)将处于永远的黄昏中，因为太阳在地平线下并没落深，还在半边天上映出它的光芒。"}
{"target": {"span2_index": 33, "span1_index": 17, "span1_text": "'地主婆'", "span2_text": "他"}, "idx": 134, "label": "true", "text": "大鼻涕赶紧掏出钥匙打开锁，推开门，'地主婆'正躺在血泊里面喘粗气。他的脖子被刀割开，一喘气就从脖子里往外冒大泡。"}
{"target": {"span2_index": 50, "span1_index": 38, "span1_text": "“奶末头”", "span2_text": "他"}, "idx": 135, "label": "true", "text": "韩燕来，也叫毛豆，一个上海北郊的男孩，在家中是老小，又是父母中年时生的，人称“奶末头”，家中人都娇宝他。"}
{"target": {"span2_index": 30, "span1_index": 15, "span1_text": "男人", "span2_text": "他"}, "idx": 136, "label": "true", "text": "为什么要出现一个身穿军装的高大男人？就像一片树叶飘入了树林，他走到了我的家人中间。"}
{"target": {"span2_index": 24, "span1_index": 3, "span1_text": "苏小姐", "span2_text": "她"}, "idx": 137, "label": "true", "text": "说着，苏小姐来了。辛楣利用主人职权，当鸿渐的面向她专利地献殷勤。"}
{"target": {"span2_index": 51, "span1_index": 3, "span1_text": "母亲", "span2_text": "他们"}, "idx": 138, "label": "false", "text": "比如，母亲不准她婚前发生性关系，甚至不准她谈恋爱——尽管学校里有不少男生对她表示了好感。“那你如何拒绝他们？”我问。"}
{"target": {"span2_index": 43, "span1_index": 0, "span1_text": "方老先生", "span2_text": "他"}, "idx": 139, "label": "true", "text": "方老先生因为拒绝了本县汉奸的引诱，有家难归，而政府并没给他什么名义，觉得他爱国而国不爱他，大有青年守节的孀妇不见宠于翁姑的怨抑。"}
{"target": {"span2_index": 47, "span1_index": 22, "span1_text": "两块形状不规则的金属", "span2_text": "它们"}, "idx": 140, "label": "false", "text": "我不可能忘记自己是怎样从父母的骨灰堆中找到那两块形状不规则的金属，那时熔化后又凝结的两串钥匙，它们现在也放在我那千里之外的宿舍中，作为对那种不可思议的能量的纪念。"}
{"target": {"span2_index": 27, "span1_index": 2, "span1_text": "女生", "span2_text": "她"}, "idx": 141, "label": "true", "text": "有个女生当场说，为这事，如果全世界只剩下森森一个男人，她也不会理他。森森当场反驳说，如果全世界只剩下他和她，他就干脆自杀。"}
{"target": {"span2_index": 39, "span1_index": 34, "span1_text": "王燮", "span2_text": "他"}, "idx": 142, "label": "true", "text": "贫土落第，境况凄凉，幸好原任福建巡抚颜检已调升直隶总督，他本来就看重王燮，便把他招入幕府，这原是极好的一个机会，一面有束修收入可以养家，一面就近再等下一科的会试，免了一番长途跨涉，不必再为筹措旅费，仰屋兴嗟。"}
{"target": {"span2_index": 63, "span1_index": 7, "span1_text": "“阿哥”", "span2_text": "他"}, "idx": 143, "label": "false", "text": "事实上呢？不是“阿哥”不肯开瓶，是“阿哥”实在开不动！燕来不完全懂他们的意思，但却知道了今年的圣诞节其实是清淡的，这多少有些扫他的兴。"}
{"target": {"span2_index": 135, "span1_index": 92, "span1_text": "西施", "span2_text": "她"}, "idx": 144, "label": "true", "text": "达野哥向她承认，已经有3年之久了，那就是说早在她从东北农学院毕业之前，一个中学的语文教师就追求上了他，那女教师会写诗，会弹钢琴，开始他拒绝，他回避，但毕竟阿姐总在外地，而那写诗和弹琴的西施就在北京，随时可以出现在身边，他终于被她俘虏，他由感动而生好感而投桃报李地也爱上了她"}
{"target": {"span2_index": 46, "span1_index": 0, "span1_text": "我爷爷", "span2_text": "他"}, "idx": 145, "label": "false", "text": "我爷爷早就去世了，奶奶带着我两个姑姑和我爸过日子，苦得不得了。爸爸后来就加入了八路军。那时候他才14岁，枪比他人还高半头。后来他是解放军里最普通的战士，参加过解放石家庄的战斗。"}
{"target": {"span2_index": 59, "span1_index": 3, "span1_text": "北京", "span2_text": "她"}, "idx": 146, "label": "false", "text": "这几天北京冷得惊人，大家都时不我待的病了，单位有个女同事声音沙得说什么都像是在轻声低语，又像是永远在唱蔡琴。男同事们对她的兴趣则明显开始升级。"}
{"target": {"span2_index": 26, "span1_index": 10, "span1_text": "麦克", "span2_text": "她"}, "idx": 147, "label": "false", "text": "麦克爱听、哈哈爱说、麦克用爱的气氛给哈哈制造了一个由她畅开说的舞台，哪怕哈哈自己也怀疑麦克是否真听得懂，但她一见麦克，要说的话就跟洪水泛滥似的挡不住。"}
{"target": {"span2_index": 35, "span1_index": 12, "span1_text": "林奕", "span2_text": "她"}, "idx": 148, "label": "true", "text": "刚才萧孟回答问题的时候，林奕已经全程装死，故意和王明峰窃窃私语，说一些她两分钟后就忘记的琐碎事情。"}
{"target": {"span2_index": 50, "span1_index": 11, "span1_text": "十二篇作品", "span2_text": "它"}, "idx": 149, "label": "false", "text": "《黄昏里的男孩》收录了十二篇作品，这是上述六册选集中与现实最为接近的一册，也可能是最令人亲切的，不过它也是令人不安的。"}
{"target": {"span2_index": 19, "span1_index": 8, "span1_text": "欧洲球星", "span2_text": "他们"}, "idx": 150, "label": "true", "text": "所以从来没见哪个欧洲球星找了女足球员，他们都找模特和女主播去了。"}
{"target": {"span2_index": 27, "span1_index": 1, "span1_text": "太祖母", "span2_text": "她"}, "idx": 151, "label": "true", "text": "在太祖母绵软的沉默世纪里，我爷爷这一辈早已湮没，只剩下她老人家站在家族的断层带上遥远地俯视她的孙辈与重孙辈。"}
{"target": {"span2_index": 52, "span1_index": 20, "span1_text": "森森", "span2_text": "她"}, "idx": 152, "label": "false", "text": "有个女生当场说，为这事，如果全世界只剩下森森一个男人，她也不会理他。森森当场反驳说，如果全世界只剩下他和她，他就干脆自杀。"}
{"target": {"span2_index": 54, "span1_index": 0, "span1_text": "他伯父", "span2_text": "她们"}, "idx": 153, "label": "false", "text": "他伯父还有许多女弟子，大半是富商财主的外室；这些财翁白天忙着赚钱，怕小公馆里的情妇长日无聊，要不安分，常常叫她们学点玩艺儿消遣。"}
{"target": {"span2_index": 18, "span1_index": 3, "span1_text": "谱子", "span2_text": "它们"}, "idx": 154, "label": "true", "text": "她们把谱子纷纷扔在地上，然后她们围着它们跳起舞来。"}
{"target": {"span2_index": 51, "span1_index": 43, "span1_text": "王大夫", "span2_text": "她"}, "idx": 155, "label": "false", "text": "小孔哪里是来看他？分明是来看望小马。看就看吧，王大夫的这点肚量还是有的。可是，慢慢地，王大夫扛不住了，她哪里是来看望小马，简直就是打情骂俏。"}
{"target": {"span2_index": 84, "span1_index": 0, "span1_text": "鸿渐", "span2_text": "他"}, "idx": 156, "label": "true", "text": "鸿渐道：“看见，多的是。有一次，我们坐的船险的嵌在鲸鱼的牙齿缝里。”灯光照着孙小姐惊奇的眼睛张得像吉沃吐（Giotto）画的“○”一样圆，辛楣的猜疑深了一层，说：“你听他胡说！”"}
{"target": {"span2_index": 35, "span1_index": 23, "span1_text": "吾纳孜艾", "span2_text": "他"}, "idx": 157, "label": "true", "text": "但小牛可不是好惹的，左突右颠，上蹿下跳，硬是把吾纳孜艾从背上抛了下来。他从草地上翻身跃起，一把拽住缰绳不放。"}
{"target": {"span2_index": 39, "span1_index": 31, "span1_text": "女用人", "span2_text": "他"}, "idx": 158, "label": "false", "text": "唐家车夫走后，方鸿渐上楼洗脸，周太太半楼梯劈面碰见，便想把昨夜女用人告诉的话问他，好容易忍住了，这证明她不但负责任，并且有涵养。"}
{"target": {"span2_index": 16, "span1_index": 1, "span1_text": "弟弟", "span2_text": "他"}, "idx": 159, "label": "true", "text": "当弟弟张嘴准备放声大哭时，哥哥向他作出了解释，然后是求饶。"}
