{"target": {"span2_index": 34, "span1_index": 24, "span1_text": "杨承福", "span2_text": "他"}, "idx": 0, "label": "false", "text": "王有龄不曾说出这句话来，何桂清心里却明白：他已听杨承福略略提过，知道他此行是为了上京加捐，是境况似乎并不怎么好，随即问道：“这几年一直在浙江？”"}
{"target": {"span2_index": 22, "span1_index": 18, "span1_text": "意思", "span2_text": "它"}, "idx": 1, "label": "true", "text": "听王大夫这么一说，小孔品味出王大夫的意思了，它的味道比“我想好了”还要好。"}
{"target": {"span2_index": 35, "span1_index": 22, "span1_text": "丛林", "span2_text": "他们"}, "idx": 2, "label": "false", "text": "一经得手，三个孩子迅速撤离，远远消失在西边的丛林中。我悄悄跟上去，看到他们高高围坐在松林中一块大石头上。"}
{"target": {"span2_index": 51, "span1_index": 12, "span1_text": "性关系", "span2_text": "他们"}, "idx": 3, "label": "false", "text": "比如，母亲不准她婚前发生性关系，甚至不准她谈恋爱——尽管学校里有不少男生对她表示了好感。“那你如何拒绝他们？”我问。"}
{"target": {"span2_index": 47, "span1_index": 33, "span1_text": "鞠琴", "span2_text": "他"}, "idx": 4, "label": "false", "text": "只是你别把来路说得那么清楚，”蒋盈波一边坐回沙发去打毛线，一边扫着鞠琴的兴致说，“要不那教授和他的太太会纳闷了，你有亲戚在国外，怎么你亲戚不帮你联系，反倒求他联系？"}
{"target": {"span2_index": 36, "span1_index": 4, "span1_text": "大红斑", "span2_text": "它"}, "idx": 5, "label": "true", "text": "而木星的大红斑就处在天空正中，如一只红色的巨眼盯着我们的世界，大地笼罩在它那阴森的红光中……"}
{"target": {"span2_index": 26, "span1_index": 13, "span1_text": "王冰棍", "span2_text": "他"}, "idx": 6, "label": "true", "text": "两个孩子走上了台阶，走到了王冰棍面前，宋钢抹着眼泪问他：“外面趴着的是不是我们的爸爸？”"}
{"target": {"span2_index": 24, "span1_index": 19, "span1_text": "鸿渐", "span2_text": "她"}, "idx": 7, "label": "false", "text": "说着，苏小姐来了。辛楣利用主人职权，当鸿渐的面向她专利地献殷勤。"}
{"target": {"span2_index": 22, "span1_index": 3, "span1_text": "上帝", "span2_text": "他们"}, "idx": 8, "label": "false", "text": "传说，上帝分配土地时，吉尔吉斯人正在睡觉。等他们一觉醒来，发现土地已经分完。"}
{"target": {"span2_index": 12, "span1_index": 9, "span1_text": "卡西", "span2_text": "她"}, "idx": 9, "label": "false", "text": "可爱的银芭古丽……卡西说她是自己最好的朋友，阿克哈拉寄宿学校的同学，还是同桌呢。"}
{"target": {"span2_index": 32, "span1_index": 10, "span1_text": "沙皇", "span2_text": "他"}, "idx": 10, "label": "false", "text": "伏龙芝死后，斯大林将沙皇时代的突厥斯坦省分割为五个民族共和国。在他看来，应付五个小共和国，显然比对付一个突厥省容易得多。"}
{"target": {"span2_index": 51, "span1_index": 5, "span1_text": "娇滴滴女孩", "span2_text": "她"}, "idx": 11, "label": "true", "text": "“猫”是个娇滴滴女孩，动不动就能当着所有人咧开嘴大哭，哭起来象个幼儿园的孩子一样肆无忌惮。这使老师也拿她没办法。"}
{"target": {"span2_index": 39, "span1_index": 12, "span1_text": "大表姑", "span2_text": "她"}, "idx": 12, "label": "true", "text": "几天之后抱回家，医生交给大表姑一份菜单，大表姑就开始在厨房里转圈，所有的东西经她又切又剁又熬都变成汤灌进我嘴里。"}
{"target": {"span2_index": 65, "span1_index": 38, "span1_text": "李太太", "span2_text": "她"}, "idx": 13, "label": "true", "text": "两星期后，建侯到医院算账并迎接夫人，身体却未消瘦，只是脸黄皮宽，无精打采，而李太太花五百元日金新买来的眼睛，好象美术照相的电光，把她原有的美貌都焕映烘托出来。"}
{"target": {"span2_index": 76, "span1_index": 12, "span1_text": "刘四", "span2_text": "他"}, "idx": 14, "label": "false", "text": "等开出门来，只见院子里与刘四站在一起的那个人，约有五十上下年纪，穿着簇新灰布面的老羊皮的袍子，头上戴着小帽，脚下却穿一双“抓地虎”的快靴，一下子倒认不准他的身分"}
{"target": {"span2_index": 30, "span1_index": 0, "span1_text": "太奶奶", "span2_text": "她"}, "idx": 15, "label": "true", "text": "太奶奶看来已成了父亲的沉重木枷，父亲抬起头望着我，说，你看见她老人家的一口牙了?"}
{"target": {"span2_index": 19, "span1_index": 4, "span1_text": "杨飞", "span2_text": "他"}, "idx": 16, "label": "true", "text": "我往回找杨飞，杨飞又有了新女朋友，这回他老实了，同意当丈夫。"}
{"target": {"span2_index": 50, "span1_index": 0, "span1_text": "韩燕来", "span2_text": "他"}, "idx": 17, "label": "true", "text": "韩燕来，也叫毛豆，一个上海北郊的男孩，在家中是老小，又是父母中年时生的，人称“奶末头”，家中人都娇宝他。"}
{"target": {"span2_index": 73, "span1_index": 67, "span1_text": "宇宙", "span2_text": "它"}, "idx": 18, "label": "false", "text": "当一小时后太阳跌入地平线，黑暗降临大地时，我感到一阵伤感。这转瞬即逝的一天，仿佛是对地球在太阳系四十五亿年进化史的一个短暂的总结。直到宇宙的末日，它不会再回来了。"}
{"target": {"span2_index": 88, "span1_index": 0, "span1_text": "崩龙珍夫妻", "span2_text": "她们"}, "idx": 19, "label": "false", "text": "崩龙珍夫妻康健和美；鞠琴十年前丧偶，两年前重结良缘，现在的老伴是一位以前未曾有过婚史的高级工程师；崩龙珍和鞠琴都尽量避免谈及自己的爱人，也尽量回避提及蒋盈波的亡夫屈晋勇——尽管她们对他都很熟悉；当然也绝不会愚蠢地提出蒋盈波今后是一个人过到底还是再找个老伴的问题来加以讨论，那无论如何还为时过早。"}
{"target": {"span2_index": 25, "span1_index": 13, "span1_text": "乌兹别克大妈", "span2_text": "她们"}, "idx": 20, "label": "true", "text": "我在路上不时遇到穿着长袍的乌兹别克大妈，朝圣之路让她们呼哧带喘。"}
{"target": {"span2_index": 54, "span1_index": 1, "span1_text": "胡雪岩", "span2_text": "他"}, "idx": 21, "label": "false", "text": "但胡雪岩了解他的内心，便不肯这么回答，只说：“你不必过虑！鹤龄跟我说过，无论如何，自保之策，总是有的，可见得他极有把握。而且，人逢喜事精神爽，他此去没有后顾之虑，专心一致对付公事，当然无往不利。”"}
{"target": {"span2_index": 17, "span1_index": 12, "span1_text": "加依娜", "span2_text": "他"}, "idx": 22, "label": "false", "text": "吾纳孜艾踩在秋千横木上，加依娜坐在他腿边。"}
{"target": {"span2_index": 29, "span1_index": 22, "span1_text": "那头小牛", "span2_text": "它"}, "idx": 23, "label": "true", "text": "我们的牛倒是没啥怪相，除了长大了必须得断奶的那头小牛——给它的鼻子打孔，挂了个铁牌。"}
{"target": {"span2_index": 97, "span1_index": 0, "span1_text": "阿二", "span2_text": "他"}, "idx": 24, "label": "true", "text": "阿二是白净的面皮，五官很纤秀，说话轻轻，走路也轻轻。倘若他不是那么好的一种男孩子，家里人就不免要嫌他，邬桥人也要把他作笑料了，就像通常邬桥舞台上的孤独者一样。而现在的情形就有些不同，大家都有点宠他。"}
{"target": {"span2_index": 76, "span1_index": 12, "span1_text": "刘四", "span2_text": "他"}, "idx": 25, "label": "false", "text": "等开出门来，只见院子里与刘四站在一起的那个人，约有五十上下年纪，穿着簇新灰布面的老羊皮的袍子，头上戴着小帽，脚下却穿一双“抓地虎”的快靴，一下子倒认不准他的身分"}
{"target": {"span2_index": 35, "span1_index": 15, "span1_text": "女佣", "span2_text": "她们"}, "idx": 26, "label": "false", "text": "张先生呵呵大笑，一面分付进来的女佣说：“快去跟太太小姐说，客人来了，请她们出来。makeitsnappy！”"}
{"target": {"span2_index": 42, "span1_index": 2, "span1_text": "将军", "span2_text": "他们"}, "idx": 27, "label": "false", "text": "跟随将军的父亲来到这座城市的三姊妹和她们的哥哥安德列，在父亲死后就失去了自己的命运，他们的命运与其掌握者——父亲，一起长眠于这座城市之中。"}
{"target": {"span2_index": 33, "span1_index": 7, "span1_text": "家属", "span2_text": "他"}, "idx": 28, "label": "false", "text": "你想呢？椿寿的家属当然要闹。不过，黄寿臣在这些上的本事最大，不必替他担心。"}
{"target": {"span2_index": 97, "span1_index": 41, "span1_text": "家里人", "span2_text": "他"}, "idx": 29, "label": "false", "text": "阿二是白净的面皮，五官很纤秀，说话轻轻，走路也轻轻。倘若他不是那么好的一种男孩子，家里人就不免要嫌他，邬桥人也要把他作笑料了，就像通常邬桥舞台上的孤独者一样。而现在的情形就有些不同，大家都有点宠他。"}
{"target": {"span2_index": 18, "span1_index": 15, "span1_text": "金庙", "span2_text": "他们"}, "idx": 30, "label": "false", "text": "军队遭到强硬抵抗，因为不敢攻入金庙，他们的还击只能造成平民的伤亡和金庙的损坏"}
{"target": {"span2_index": 27, "span1_index": 13, "span1_text": "我爷爷", "span2_text": "她"}, "idx": 31, "label": "false", "text": "在太祖母绵软的沉默世纪里，我爷爷这一辈早已湮没，只剩下她老人家站在家族的断层带上遥远地俯视她的孙辈与重孙辈。"}
