{"target": {"span2_index": 26, "span1_index": 5, "span1_text": "这些书", "span2_text": "它们"}, "idx": 0, "label": "true", "text": "一千年后，这些书准像敦煌石室的卷子那样名贵，现在呢，它们古而不稀，短见浅识的藏书家还不知道收买。"}
{"target": {"span2_index": 24, "span1_index": 19, "span1_text": "鸿渐", "span2_text": "她"}, "idx": 1, "label": "false", "text": "说着，苏小姐来了。辛楣利用主人职权，当鸿渐的面向她专利地献殷勤。"}
{"target": {"span2_index": 51, "span1_index": 2, "span1_text": "车夫", "span2_text": "她"}, "idx": 2, "label": "false", "text": "唐家车夫走后，方鸿渐上楼洗脸，周太太半楼梯劈面碰见，便想把昨夜女用人告诉的话问他，好容易忍住了，这证明她不但负责任，并且有涵养。"}
{"target": {"span2_index": 46, "span1_index": 15, "span1_text": "鞠琴", "span2_text": "他"}, "idx": 3, "label": "false", "text": "“你是心里头不情愿，”崩龙珍对鞠琴说，“我当时对二哥是有意的，二哥真不错，惟一让我犹豫的只是他的岁数，比我大5岁，太大了点……后来是我自己出了事儿，”说到这儿崩龙珍脸上那潜存的惊恐表情浮凸出来，她闭上嘴唇，嘴角下撇，令人不忍目睹。"}
{"target": {"span2_index": 43, "span1_index": 26, "span1_text": "体育委员和文娱委员", "span2_text": "他们"}, "idx": 4, "label": "true", "text": "中学时有一个春天，我们的班主任在厕所后面逮住了我们的体育委员和文娱委员。班会上老师说，他们已经“蠢蠢欲动”了。"}
{"target": {"span2_index": 33, "span1_index": 27, "span1_text": "保质期", "span2_text": "他"}, "idx": 5, "label": "false", "text": "其实并不是如《重庆森林》里金城武所说，每样东西都有一个保质期，所以他担心他的凤梨罐头和爱情都会过期变质，我一直很想找个机会和王家卫辩论，已经吃下去的东西怎么会过期呢？"}
{"target": {"span2_index": 29, "span1_index": 0, "span1_text": "大使馆", "span2_text": "它"}, "idx": 6, "label": "false", "text": "大使馆在42街的尽头，正对着那艘航空母舰，林立成去年才知道它叫无畏号，也是前一个女人告诉他的。"}
{"target": {"span2_index": 29, "span1_index": 8, "span1_text": "情色连载", "span2_text": "它们"}, "idx": 7, "label": "true", "text": "天涯论坛上经常有情色连载，作为一个资深情色文学爱好者，我对它们的质量相当不以为然。"}
{"target": {"span2_index": 35, "span1_index": 7, "span1_text": "生前最后的情景", "span2_text": "它"}, "idx": 8, "label": "true", "text": "我思忖应该找到生前最后的情景，这个最后的情景应该在记忆之路的尽头，找到它也就找到了自己的死亡时刻。"}
{"target": {"span2_index": 34, "span1_index": 24, "span1_text": "杨承福", "span2_text": "他"}, "idx": 9, "label": "false", "text": "王有龄不曾说出这句话来，何桂清心里却明白：他已听杨承福略略提过，知道他此行是为了上京加捐，是境况似乎并不怎么好，随即问道：“这几年一直在浙江？”"}
{"target": {"span2_index": 55, "span1_index": 41, "span1_text": "同行", "span2_text": "他"}, "idx": 10, "label": "false", "text": "蒋盈波原来所在的教研室有位副教授去德国参加一个学术活动，活动中结识了一位华裔德籍的同行，那同行在自己家中招待了他一次，言谈之间，双方忽然都感到巧事真多，而世界真小"}
{"target": {"span2_index": 45, "span1_index": 14, "span1_text": "窗", "span2_text": "它"}, "idx": 11, "label": "false", "text": "忽听窗下弄堂里嘈杂声起，便推窗望去，原来是谁家在鸡窝里抓住一只黄鼠狼。那人倒提着黄鼠狼控诉它的罪孽，围了许多人看，然后，人们簇拥着他向弄口走去。"}
{"target": {"span2_index": 23, "span1_index": 1, "span1_text": "老爹", "span2_text": "他"}, "idx": 12, "label": "true", "text": "“老爹，你把头颅割了，自己还喝不喝酒？”雷观笑他。何老爹愣了一下，大声地回答：“喝，喝，割了俺十颗头，肚脐眼里也要长出一张嘴来喝酒。”他提起另一件得意事，“那天俺喝了几盅酒，胆气越壮，气力也更大了。"}
{"target": {"span2_index": 42, "span1_index": 19, "span1_text": "钱俶", "span2_text": "他"}, "idx": 13, "label": "true", "text": "太宗年间，全国统一的形势已成，吴越国王钱俶在杭州割据自雄的一隅之地看来也难于保全了。他跑到东京来贺正，心里惴惴然，唯恐太宗把他扣留起来，不让回去。"}
{"target": {"span2_index": 55, "span1_index": 0, "span1_text": "黄哈哈", "span2_text": "她"}, "idx": 14, "label": "true", "text": "黄哈哈在纸上写满了'对、错'二字。这两字跟了她几十年，无论干什么都被它们盖上公章，生活凭空增加无数是非与烦恼，她用'对错'惩罚自己和别人。"}
{"target": {"span2_index": 28, "span1_index": 9, "span1_text": "女孩子", "span2_text": "她"}, "idx": 15, "label": "true", "text": "花毡上正躺着的一个女孩子飞跳起来，显然，客人的突然来访令她措手不及。"}
{"target": {"span2_index": 73, "span1_index": 9, "span1_text": "地平线", "span2_text": "它"}, "idx": 16, "label": "false", "text": "当一小时后太阳跌入地平线，黑暗降临大地时，我感到一阵伤感。这转瞬即逝的一天，仿佛是对地球在太阳系四十五亿年进化史的一个短暂的总结。直到宇宙的末日，它不会再回来了。"}
{"target": {"span2_index": 36, "span1_index": 16, "span1_text": "卡西", "span2_text": "她"}, "idx": 17, "label": "true", "text": "每当我们在森林中穿梭，穿红雨鞋的卡西总是轻快地走在最前面。森林清凉碧绿，她就像一个精灵。"}
{"target": {"span2_index": 30, "span1_index": 0, "span1_text": "航行委员会", "span2_text": "它"}, "idx": 18, "label": "false", "text": "航行委员会的计划是：地球第15圈的公转轨道是如此之扁，以至于它的远日点到达木星轨道，地球将与木星在几乎相撞的距离上擦身而过，在木星巨大引力的拉动下，地球将最终达到逃逸速度。"}
{"target": {"span2_index": 34, "span1_index": 4, "span1_text": "二王", "span2_text": "他"}, "idx": 19, "label": "true", "text": "看完后，二王以同情的口气对毛豆说：你们上海的警察都不来找你。毛豆想回他一句，却没有回出来，只是朝了电视瞪着眼。"}
{"target": {"span2_index": 54, "span1_index": 7, "span1_text": "女弟子", "span2_text": "她们"}, "idx": 20, "label": "true", "text": "他伯父还有许多女弟子，大半是富商财主的外室；这些财翁白天忙着赚钱，怕小公馆里的情妇长日无聊，要不安分，常常叫她们学点玩艺儿消遣。"}
{"target": {"span2_index": 41, "span1_index": 13, "span1_text": "“印度门”", "span2_text": "它"}, "idx": 21, "label": "true", "text": "和大吉岭喜马拉雅铁路一样，“印度门”和大英帝国的关联如今已成为浪漫情调的一部分。为它增色的是那些住在充满殖民风情的拱廊下的人们。"}
{"target": {"span2_index": 45, "span1_index": 40, "span1_text": "黄鼠狼", "span2_text": "它"}, "idx": 22, "label": "true", "text": "忽听窗下弄堂里嘈杂声起，便推窗望去，原来是谁家在鸡窝里抓住一只黄鼠狼。那人倒提着黄鼠狼控诉它的罪孽，围了许多人看，然后，人们簇拥着他向弄口走去。"}
{"target": {"span2_index": 66, "span1_index": 12, "span1_text": "她的丈夫", "span2_text": "他"}, "idx": 23, "label": "false", "text": "她想到大石林牙曾经拥戴过她的丈夫和她本人，态度是明朗的，后来又曾反对过她，公开地表示要除去她身边的“佞幸”，杰度也是毫不含糊的。对于他的光明磊落的态度，她却报之以阴谋诡计，玩弄手段，把他软禁起来，要挟他“捐弃成见，共谋国是”。"}
{"target": {"span2_index": 50, "span1_index": 3, "span1_text": "薛纪跃", "span2_text": "她"}, "idx": 24, "label": "false", "text": "终于，薛纪跃似乎把兴趣稳定在一首充满了气声和颤音的歌曲上。薛大娘怜惜地望了他一眼，吁出一口气，继续忙她的一摊子事去了。"}
{"target": {"span2_index": 42, "span1_index": 2, "span1_text": "将军", "span2_text": "他们"}, "idx": 25, "label": "false", "text": "跟随将军的父亲来到这座城市的三姊妹和她们的哥哥安德列，在父亲死后就失去了自己的命运，他们的命运与其掌握者——父亲，一起长眠于这座城市之中。"}
{"target": {"span2_index": 27, "span1_index": 20, "span1_text": "森森", "span2_text": "她"}, "idx": 26, "label": "false", "text": "有个女生当场说，为这事，如果全世界只剩下森森一个男人，她也不会理他。森森当场反驳说，如果全世界只剩下他和她，他就干脆自杀。"}
{"target": {"span2_index": 31, "span1_index": 15, "span1_text": "寿司", "span2_text": "他"}, "idx": 27, "label": "false", "text": "萨曼莎在情人节那天在身上铺满了寿司等待自己小男友归来，不过后来他迟到了，所以那些寿司很大一部分就被萨曼莎自己给吃了。"}
{"target": {"span2_index": 51, "span1_index": 22, "span1_text": "澹台智珠", "span2_text": "他"}, "idx": 28, "label": "false", "text": "澹台智珠嗲声嗲气地说，“您真听不出来吗？奴家澹台智珠是也！”“啊啊——”对方告诉她，“你找你们团长吧？他不在呀，他出去了。”对方“喀哒”把电话挂断了。"}
{"target": {"span2_index": 17, "span1_index": 4, "span1_text": "宋钢", "span2_text": "她"}, "idx": 29, "label": "false", "text": "李光头和宋钢拉着李兰的衣服，跟随着她的步伐又去了照相馆。"}
{"target": {"span2_index": 54, "span1_index": 19, "span1_text": "外室", "span2_text": "她们"}, "idx": 30, "label": "true", "text": "他伯父还有许多女弟子，大半是富商财主的外室；这些财翁白天忙着赚钱，怕小公馆里的情妇长日无聊，要不安分，常常叫她们学点玩艺儿消遣。"}
{"target": {"span2_index": 31, "span1_index": 2, "span1_text": "李鸣", "span2_text": "他"}, "idx": 31, "label": "true", "text": "有时李鸣真想走走神，可有点儿怕她。所有的讲师教授中，他最怕她。他只有在听她的课和做她布置的习题时才认真点儿。因为他在做习题时时常会想起她那对眼睛。"}
