{"target": {"span2_index": 36, "span1_index": 9, "span1_text": "夹竹桃", "span2_text": "它"}, "idx": 0, "label": "true", "text": "后来终于进了院子，夹竹桃似乎整年开花，我们小时候都看过《黑猫警长》，知道它茎、叶、花无一不毒，茎中乳白色汁液含有夹竹桃苷，0.5毫克即可致死。"}
{"target": {"span2_index": 47, "span1_index": 34, "span1_text": "影子", "span2_text": "它"}, "idx": 1, "label": "true", "text": "我打开灯，在日光灯完全亮起前的那几下闪动中，我看到纸箱上放隐约有一个影子，是白色的，只一瞬间，它就消失了，没有看清形状。"}
{"target": {"span2_index": 28, "span1_index": 12, "span1_text": "卡西和新来的男孩吾纳孜艾", "span2_text": "他们"}, "idx": 2, "label": "true", "text": "第二天又是一整天雨，但是卡西和新来的男孩吾纳孜艾非要我同他们一起去找牛。"}
{"target": {"span2_index": 41, "span1_index": 9, "span1_text": "哥哥", "span2_text": "他"}, "idx": 3, "label": "false", "text": "后来叙述者的母亲、哥哥和姐姐都离开了，搬到了城里去居住，只有叙述者依然等待着父亲，他从一个孩子开始等待，一直到白发苍苍。"}
{"target": {"span2_index": 34, "span1_index": 6, "span1_text": "林立果", "span2_text": "她"}, "idx": 4, "label": "false", "text": "他的女朋友让林立果给选到美人儿培训队里去了，女的家以为从此升天了，让她跟他吹。老师一气，看着女人就生气，连女学生也不教了。"}
{"target": {"span2_index": 70, "span1_index": 18, "span1_text": "东半球", "span2_text": "它"}, "idx": 5, "label": "false", "text": "当然，以后没有“天”也没有“夜”了，东半球在相当长的一段时间里(有十几年吧)将处于永远的黄昏中，因为太阳在地平线下并没落深，还在半边天上映出它的光芒。"}
{"target": {"span2_index": 33, "span1_index": 17, "span1_text": "'地主婆'", "span2_text": "他"}, "idx": 6, "label": "true", "text": "大鼻涕赶紧掏出钥匙打开锁，推开门，'地主婆'正躺在血泊里面喘粗气。他的脖子被刀割开，一喘气就从脖子里往外冒大泡。"}
{"target": {"span2_index": 50, "span1_index": 38, "span1_text": "“奶末头”", "span2_text": "他"}, "idx": 7, "label": "true", "text": "韩燕来，也叫毛豆，一个上海北郊的男孩，在家中是老小，又是父母中年时生的，人称“奶末头”，家中人都娇宝他。"}
{"target": {"span2_index": 30, "span1_index": 15, "span1_text": "男人", "span2_text": "他"}, "idx": 8, "label": "true", "text": "为什么要出现一个身穿军装的高大男人？就像一片树叶飘入了树林，他走到了我的家人中间。"}
{"target": {"span2_index": 24, "span1_index": 3, "span1_text": "苏小姐", "span2_text": "她"}, "idx": 9, "label": "true", "text": "说着，苏小姐来了。辛楣利用主人职权，当鸿渐的面向她专利地献殷勤。"}
{"target": {"span2_index": 51, "span1_index": 3, "span1_text": "母亲", "span2_text": "他们"}, "idx": 10, "label": "false", "text": "比如，母亲不准她婚前发生性关系，甚至不准她谈恋爱——尽管学校里有不少男生对她表示了好感。“那你如何拒绝他们？”我问。"}
{"target": {"span2_index": 43, "span1_index": 0, "span1_text": "方老先生", "span2_text": "他"}, "idx": 11, "label": "true", "text": "方老先生因为拒绝了本县汉奸的引诱，有家难归，而政府并没给他什么名义，觉得他爱国而国不爱他，大有青年守节的孀妇不见宠于翁姑的怨抑。"}
{"target": {"span2_index": 47, "span1_index": 22, "span1_text": "两块形状不规则的金属", "span2_text": "它们"}, "idx": 12, "label": "false", "text": "我不可能忘记自己是怎样从父母的骨灰堆中找到那两块形状不规则的金属，那时熔化后又凝结的两串钥匙，它们现在也放在我那千里之外的宿舍中，作为对那种不可思议的能量的纪念。"}
{"target": {"span2_index": 27, "span1_index": 2, "span1_text": "女生", "span2_text": "她"}, "idx": 13, "label": "true", "text": "有个女生当场说，为这事，如果全世界只剩下森森一个男人，她也不会理他。森森当场反驳说，如果全世界只剩下他和她，他就干脆自杀。"}
{"target": {"span2_index": 39, "span1_index": 34, "span1_text": "王燮", "span2_text": "他"}, "idx": 14, "label": "true", "text": "贫土落第，境况凄凉，幸好原任福建巡抚颜检已调升直隶总督，他本来就看重王燮，便把他招入幕府，这原是极好的一个机会，一面有束修收入可以养家，一面就近再等下一科的会试，免了一番长途跨涉，不必再为筹措旅费，仰屋兴嗟。"}
{"target": {"span2_index": 63, "span1_index": 7, "span1_text": "“阿哥”", "span2_text": "他"}, "idx": 15, "label": "false", "text": "事实上呢？不是“阿哥”不肯开瓶，是“阿哥”实在开不动！燕来不完全懂他们的意思，但却知道了今年的圣诞节其实是清淡的，这多少有些扫他的兴。"}
{"target": {"span2_index": 135, "span1_index": 92, "span1_text": "西施", "span2_text": "她"}, "idx": 16, "label": "true", "text": "达野哥向她承认，已经有3年之久了，那就是说早在她从东北农学院毕业之前，一个中学的语文教师就追求上了他，那女教师会写诗，会弹钢琴，开始他拒绝，他回避，但毕竟阿姐总在外地，而那写诗和弹琴的西施就在北京，随时可以出现在身边，他终于被她俘虏，他由感动而生好感而投桃报李地也爱上了她"}
{"target": {"span2_index": 46, "span1_index": 0, "span1_text": "我爷爷", "span2_text": "他"}, "idx": 17, "label": "false", "text": "我爷爷早就去世了，奶奶带着我两个姑姑和我爸过日子，苦得不得了。爸爸后来就加入了八路军。那时候他才14岁，枪比他人还高半头。后来他是解放军里最普通的战士，参加过解放石家庄的战斗。"}
{"target": {"span2_index": 59, "span1_index": 3, "span1_text": "北京", "span2_text": "她"}, "idx": 18, "label": "false", "text": "这几天北京冷得惊人，大家都时不我待的病了，单位有个女同事声音沙得说什么都像是在轻声低语，又像是永远在唱蔡琴。男同事们对她的兴趣则明显开始升级。"}
{"target": {"span2_index": 26, "span1_index": 10, "span1_text": "麦克", "span2_text": "她"}, "idx": 19, "label": "false", "text": "麦克爱听、哈哈爱说、麦克用爱的气氛给哈哈制造了一个由她畅开说的舞台，哪怕哈哈自己也怀疑麦克是否真听得懂，但她一见麦克，要说的话就跟洪水泛滥似的挡不住。"}
{"target": {"span2_index": 35, "span1_index": 12, "span1_text": "林奕", "span2_text": "她"}, "idx": 20, "label": "true", "text": "刚才萧孟回答问题的时候，林奕已经全程装死，故意和王明峰窃窃私语，说一些她两分钟后就忘记的琐碎事情。"}
{"target": {"span2_index": 50, "span1_index": 11, "span1_text": "十二篇作品", "span2_text": "它"}, "idx": 21, "label": "false", "text": "《黄昏里的男孩》收录了十二篇作品，这是上述六册选集中与现实最为接近的一册，也可能是最令人亲切的，不过它也是令人不安的。"}
{"target": {"span2_index": 19, "span1_index": 8, "span1_text": "欧洲球星", "span2_text": "他们"}, "idx": 22, "label": "true", "text": "所以从来没见哪个欧洲球星找了女足球员，他们都找模特和女主播去了。"}
{"target": {"span2_index": 27, "span1_index": 1, "span1_text": "太祖母", "span2_text": "她"}, "idx": 23, "label": "true", "text": "在太祖母绵软的沉默世纪里，我爷爷这一辈早已湮没，只剩下她老人家站在家族的断层带上遥远地俯视她的孙辈与重孙辈。"}
{"target": {"span2_index": 52, "span1_index": 20, "span1_text": "森森", "span2_text": "她"}, "idx": 24, "label": "false", "text": "有个女生当场说，为这事，如果全世界只剩下森森一个男人，她也不会理他。森森当场反驳说，如果全世界只剩下他和她，他就干脆自杀。"}
{"target": {"span2_index": 54, "span1_index": 0, "span1_text": "他伯父", "span2_text": "她们"}, "idx": 25, "label": "false", "text": "他伯父还有许多女弟子，大半是富商财主的外室；这些财翁白天忙着赚钱，怕小公馆里的情妇长日无聊，要不安分，常常叫她们学点玩艺儿消遣。"}
{"target": {"span2_index": 18, "span1_index": 3, "span1_text": "谱子", "span2_text": "它们"}, "idx": 26, "label": "true", "text": "她们把谱子纷纷扔在地上，然后她们围着它们跳起舞来。"}
{"target": {"span2_index": 51, "span1_index": 43, "span1_text": "王大夫", "span2_text": "她"}, "idx": 27, "label": "false", "text": "小孔哪里是来看他？分明是来看望小马。看就看吧，王大夫的这点肚量还是有的。可是，慢慢地，王大夫扛不住了，她哪里是来看望小马，简直就是打情骂俏。"}
{"target": {"span2_index": 84, "span1_index": 0, "span1_text": "鸿渐", "span2_text": "他"}, "idx": 28, "label": "true", "text": "鸿渐道：“看见，多的是。有一次，我们坐的船险的嵌在鲸鱼的牙齿缝里。”灯光照着孙小姐惊奇的眼睛张得像吉沃吐（Giotto）画的“○”一样圆，辛楣的猜疑深了一层，说：“你听他胡说！”"}
{"target": {"span2_index": 35, "span1_index": 23, "span1_text": "吾纳孜艾", "span2_text": "他"}, "idx": 29, "label": "true", "text": "但小牛可不是好惹的，左突右颠，上蹿下跳，硬是把吾纳孜艾从背上抛了下来。他从草地上翻身跃起，一把拽住缰绳不放。"}
{"target": {"span2_index": 39, "span1_index": 31, "span1_text": "女用人", "span2_text": "他"}, "idx": 30, "label": "false", "text": "唐家车夫走后，方鸿渐上楼洗脸，周太太半楼梯劈面碰见，便想把昨夜女用人告诉的话问他，好容易忍住了，这证明她不但负责任，并且有涵养。"}
{"target": {"span2_index": 16, "span1_index": 1, "span1_text": "弟弟", "span2_text": "他"}, "idx": 31, "label": "true", "text": "当弟弟张嘴准备放声大哭时，哥哥向他作出了解释，然后是求饶。"}
