{"target": {"span2_index": 30, "span1_index": 22, "span1_text": "树叶", "span2_text": "他"}, "idx": 0, "label": "false", "text": "为什么要出现一个身穿军装的高大男人？就像一片树叶飘入了树林，他走到了我的家人中间。"}
{"target": {"span2_index": 122, "span1_index": 110, "span1_text": "张浃", "span2_text": "他"}, "idx": 1, "label": "true", "text": "耶律克定说到雁北义军时，提起韦大哥，就连声说不可挡、不可挡，似有谈虎色变之味。后来又听说粘罕在云中，特派人厚币卑词，要与‘韦义士修好’。韦大哥斩钉截铁地回绝了，大义凛然，端的是条好汉。如今张孝纯也想结识他，几次三番派儿子张浃上门来厮缠，定要俺引他上雁门山去见韦大哥。"}
{"target": {"span2_index": 54, "span1_index": 39, "span1_text": "情妇", "span2_text": "她们"}, "idx": 2, "label": "true", "text": "他伯父还有许多女弟子，大半是富商财主的外室；这些财翁白天忙着赚钱，怕小公馆里的情妇长日无聊，要不安分，常常叫她们学点玩艺儿消遣。"}
{"target": {"span2_index": 26, "span1_index": 23, "span1_text": "艳遇", "span2_text": "他"}, "idx": 3, "label": "false", "text": "有亲自在西藏一夜情过的男同学向我倾诉，为了那次艳遇，他要操心的事情未免实在是太多了点。"}
{"target": {"span2_index": 71, "span1_index": 20, "span1_text": "手稿", "span2_text": "它"}, "idx": 4, "label": "true", "text": "“你何必把这事放在心上？何况你的还不过是手稿，并没有发表出来。”龙点睛越发坦率：“如果发表出来了，那倒也就算了。不过既然没发表出来，我何必还让它飘在外头呢？你给我找一找吧，我要收回。”"}
{"target": {"span2_index": 17, "span1_index": 13, "span1_text": "树枝", "span2_text": "它"}, "idx": 5, "label": "false", "text": "我洗过的牛仔裤寂静地晾挂在树枝上，它背后是低处的森林，苍茫的远山。"}
{"target": {"span2_index": 62, "span1_index": 46, "span1_text": "背", "span2_text": "它"}, "idx": 6, "label": "false", "text": "不过还有一峰骆驼更是出尽洋相，不但脖子上缠了四五朵塑料花，耳朵上还各绑了一团红红绿绿的花布，背上还抹了一大团鲜艳的红。时常见它花枝招展、喜气洋洋地在驻地附近走来走去。"}
{"target": {"span2_index": 17, "span1_index": 12, "span1_text": "块状物", "span2_text": "它们"}, "idx": 7, "label": "true", "text": "渐渐地，汤中凝结出一团团块状物，将它们捞起放进盆里冷却，肥皂便出现在世上了。"}
{"target": {"span2_index": 88, "span1_index": 72, "span1_text": "萨沙", "span2_text": "她"}, "idx": 8, "label": "false", "text": "王琦瑶还发现，毛毛娘舅有意地让萨沙吃牌，还有意地出冲，有和也不和的。王琦瑶知道他是要多出钱，又怕别人不接受，就用这个输的方式。想到这些，一边鄙夷萨沙，一边赞赏毛毛娘舅。有一回，她晓得毛毛娘舅早在听和，也推断出他听的是哪一张牌，正巧手里有一张，便往桌上'啪'地一放，还看他一眼。"}
{"target": {"span2_index": 13, "span1_index": 0, "span1_text": "小马", "span2_text": "他"}, "idx": 9, "label": "true", "text": "小马突然就是一阵热泪盈眶。他仰起脸来。他捂住了嫂子的手，说：“嫂子。”"}
{"target": {"span2_index": 69, "span1_index": 25, "span1_text": "年轻人", "span2_text": "他"}, "idx": 10, "label": "true", "text": "这个身材高大，曾经被孙光平拿着菜刀追赶得到处乱窜的年轻人，那天早晨穿上了全新的卡其布中山服，像一个城里来的干部似的脸色红润，准备过河去迎接他的新娘。"}
{"target": {"span2_index": 42, "span1_index": 27, "span1_text": "瘦屁股", "span2_text": "他"}, "idx": 11, "label": "false", "text": "圆得卷起来的屁股走远以后，哭哭啼啼的小屁股也走了，一个瘦屁股对着李光头破口大骂，喷了他一脸的唾沫，接着她伸手抹了抹自己的嘴也走了。"}
{"target": {"span2_index": 27, "span1_index": 5, "span1_text": "建筑", "span2_text": "它们"}, "idx": 12, "label": "true", "text": "大街两侧的建筑沉浸在睡眠中，仿佛盖着一张灰色的大毯子。它们在白日或许十足壮观，但在黑暗中，却像男人疲惫的身影。"}
{"target": {"span2_index": 38, "span1_index": 13, "span1_text": "宋凡平", "span2_text": "她"}, "idx": 13, "label": "false", "text": "李兰坐上汽车来上海治病时，宋凡平曾经说过，等她的病治好了，他要亲自到上海来接她。"}
{"target": {"span2_index": 24, "span1_index": 17, "span1_text": "圣三一大教堂", "span2_text": "它"}, "idx": 14, "label": "true", "text": "在洛伦佐大街的尽头处，矗立着著名的圣三一大教堂。它有着巨大的穹顶，还有明亮的彩色玻璃窗，上面描绘着《旧约》和《新约》的场景。"}
{"target": {"span2_index": 23, "span1_index": 2, "span1_text": "南方人", "span2_text": "他们"}, "idx": 15, "label": "false", "text": "那些南方人对于他们侨居北平的得意，仿佛犹太人爱他们入籍归化的国家，不住地挂在口头上。"}
{"target": {"span2_index": 55, "span1_index": 19, "span1_text": "五指仙", "span2_text": "他"}, "idx": 16, "label": "false", "text": "当年“花活”这句话差点断送了如日中天的五指仙，用这话评点五指仙的是一位算命瞎子。他坐在树下等待生意上门时一律拉他的胡琴。"}
{"target": {"span2_index": 26, "span1_index": 5, "span1_text": "哈哈", "span2_text": "她"}, "idx": 17, "label": "true", "text": "麦克爱听、哈哈爱说、麦克用爱的气氛给哈哈制造了一个由她畅开说的舞台，哪怕哈哈自己也怀疑麦克是否真听得懂，但她一见麦克，要说的话就跟洪水泛滥似的挡不住。"}
{"target": {"span2_index": 84, "span1_index": 44, "span1_text": "蒋盈波", "span2_text": "她"}, "idx": 18, "label": "true", "text": "那发型是时下相当流行的，头发加上面庞构成一个金字塔形，鞠琴在崩龙珍一进屋时便随口夸赞过，蒋盈波至今仍只进公营理发馆剪发而未曾进过个体发廊，并且对于别人的发型也懒得品评，她双手不停地编结着毛衣，抬眼望了崩龙珍一下，毫不通融地说：“难看。"}
{"target": {"span2_index": 42, "span1_index": 27, "span1_text": "生脱发病的人", "span2_text": "他"}, "idx": 19, "label": "true", "text": "“她序上明明引着JulesTellier的比喻，说有个生脱发病的人去理发，那剃头的对他说不用剪发，等不了几天，头毛压儿全掉光了；大部分现代文学也同样的不值批评。这比喻还算俏皮。”"}
{"target": {"span2_index": 29, "span1_index": 24, "span1_text": "大厨师", "span2_text": "她"}, "idx": 20, "label": "false", "text": "西人也深知田月明舅母的川菜手艺超过许多高级餐馆的大厨师，光她那泡豇豆和卤口条就足能令人垂涎三尺，但西人说：“不去。去了那儿，我就没法子吃你了！”"}
{"target": {"span2_index": 53, "span1_index": 0, "span1_text": "胡雪岩", "span2_text": "他"}, "idx": 21, "label": "true", "text": "胡雪岩离船登岸，坐轿进城，等王有龄到家，他接着也到了他那里，脸上是掩抑不住的笑容，王有龄夫妇都觉得奇怪，问他什么事这么高兴。"}
{"target": {"span2_index": 40, "span1_index": 16, "span1_text": "富人", "span2_text": "他们"}, "idx": 22, "label": "false", "text": "城市被区隔成富人区和贫民窟，只有富人能享受到城市的便利，而穷人被遗忘在角落，任由他们苦苦挣扎。"}
{"target": {"span2_index": 71, "span1_index": 4, "span1_text": "犹太老男人", "span2_text": "她"}, "idx": 23, "label": "false", "text": "还是那个犹太老男人，还是那套难看极了的枣红色西服，还是一个秃顶，但他边上坐了一个人，一个女人，穿一条同样难看极了的花绵绸连衣裙，露出白胖小腿，她起码五十岁了，头发鲜红，涂着这么远看过去依然触目惊心的鲜红唇膏。"}
{"target": {"span2_index": 35, "span1_index": 24, "span1_text": "王琦瑶", "span2_text": "她"}, "idx": 24, "label": "true", "text": "李主任可怜王琦瑶，也可怜自己，因可怜自己，更可怜王琦瑶，不知道该怎么待她好。越这样，王琦瑶越恋他。"}
{"target": {"span2_index": 50, "span1_index": 6, "span1_text": "毛豆", "span2_text": "他"}, "idx": 25, "label": "true", "text": "韩燕来，也叫毛豆，一个上海北郊的男孩，在家中是老小，又是父母中年时生的，人称“奶末头”，家中人都娇宝他。"}
{"target": {"span2_index": 38, "span1_index": 7, "span1_text": "女孩子", "span2_text": "她"}, "idx": 26, "label": "true", "text": "这家人也有一个女孩子，年纪不大，远远地盯着我，害羞而好奇。我一对上她的目光，她就慌不迭扭头而去。"}
{"target": {"span2_index": 17, "span1_index": 12, "span1_text": "块状物", "span2_text": "它们"}, "idx": 27, "label": "true", "text": "渐渐地，汤中凝结出一团团块状物，将它们捞起放进盆里冷却，肥皂便出现在世上了。"}
{"target": {"span2_index": 52, "span1_index": 42, "span1_text": "那个东西", "span2_text": "它"}, "idx": 28, "label": "true", "text": "我让他歇会儿，他说从现在起他就要抓紧时间，因为他这辈子已经有了目标，刚有的，他要研究那个东西，还要制造出它来。"}
{"target": {"span2_index": 62, "span1_index": 4, "span1_text": "一峰骆驼", "span2_text": "它"}, "idx": 29, "label": "true", "text": "不过还有一峰骆驼更是出尽洋相，不但脖子上缠了四五朵塑料花，耳朵上还各绑了一团红红绿绿的花布，背上还抹了一大团鲜艳的红。时常见它花枝招展、喜气洋洋地在驻地附近走来走去。"}
{"target": {"span2_index": 62, "span1_index": 59, "span1_text": "太宗", "span2_text": "他"}, "idx": 30, "label": "true", "text": "太宗年间，全国统一的形势已成，吴越国王钱俶在杭州割据自雄的一隅之地看来也难于保全了。他跑到东京来贺正，心里惴惴然，唯恐太宗把他扣留起来，不让回去。"}
{"target": {"span2_index": 58, "span1_index": 23, "span1_text": "这个男人", "span2_text": "他"}, "idx": 31, "label": "true", "text": "她坐在飞机上，身旁是一个从美国留学归来的博士，这个男人刚刚自己创业，比她大十岁，有妻子有孩子，两个多小时的飞行期间，他满怀激情地向她描述了自己事业的远大前程。"}
