{"target": {"span2_index": 30, "span1_index": 0, "span1_text": "航行委员会", "span2_text": "它"}, "idx": 0, "label": "false", "text": "航行委员会的计划是：地球第15圈的公转轨道是如此之扁，以至于它的远日点到达木星轨道，地球将与木星在几乎相撞的距离上擦身而过，在木星巨大引力的拉动下，地球将最终达到逃逸速度。"}
{"target": {"span2_index": 58, "span1_index": 31, "span1_text": "警察", "span2_text": "他们"}, "idx": 1, "label": "true", "text": "俾斯麦曾说过，法国公使大使的特点，就是一句外国话不会讲；这几位警察并不懂德文，居然传情达意，引得犹太女人格格地笑，比他们的外交官强多了。"}
{"target": {"span2_index": 86, "span1_index": 18, "span1_text": "郭药师", "span2_text": "他"}, "idx": 2, "label": "true", "text": "这样做，倒真是在炮制一个安禄山，如果郭药师的野心和实力，当时还没有发展到像安禄山在天宝末年那么大的程度。从这点来看，他们的老上司、老丈人的忧心忡忡，并非毫无理由，这就怪不得他一天要几次闯进女儿的高墙去破坏他们的宁静生活。"}
{"target": {"span2_index": 43, "span1_index": 22, "span1_text": "小马", "span2_text": "他"}, "idx": 3, "label": "true", "text": "坐公共汽车——盲人乘坐公共汽车向来可以免票，小马当然也可以免票。然而，没有一个司机相信他有残疾。"}
{"target": {"span2_index": 22, "span1_index": 7, "span1_text": "腮帮", "span2_text": "它"}, "idx": 4, "label": "false", "text": "我情意绵绵地把腮帮贴在枕头的鼓溜溜的面颊上，它像我们童年的脸庞，那么饱满、娇嫩、清新。"}
{"target": {"span2_index": 58, "span1_index": 54, "span1_text": "老太太", "span2_text": "她们"}, "idx": 5, "label": "true", "text": "对面有一个不知所起的绿皮火车厢，敞开车门，我约的那个人——网名叫“林老板”——就坐在车里刷手机，边上坐着几个老太太，她们看起来也没有等人，就是打扮妥当，化着浓妆，坐在那里。"}
{"target": {"span2_index": 42, "span1_index": 35, "span1_text": "赵霄云", "span2_text": "他"}, "idx": 6, "label": "true", "text": "但我没有地方可以去，在东方新天地吹了八个小时空调后，我在半夜十二点回到赵霄云的房子，他一直没有找过我，他已经睡了，第二天要赶八点飞机。"}
{"target": {"span2_index": 17, "span1_index": 5, "span1_text": "书", "span2_text": "它们"}, "idx": 7, "label": "false", "text": "这并不意味书中的故事有趋同的主题，它们之间并无明显关联，书中既有历史和人心的混杂产物（《北方大道》、《椰树长影》、《永生》），也有完全纯粹的情感故事（《我和你只有这四个夜晚》），更有一些无法定义的故事（《盐井风筝》、《柠檬裙子》）。"}
{"target": {"span2_index": 52, "span1_index": 8, "span1_text": "两位漂亮的朝鲜女导游", "span2_text": "她们"}, "idx": 8, "label": "true", "text": "负责接待我们的是两位漂亮的朝鲜女导游，身材高挑，露出比例完美的小腿。一个姓韩，一个姓金，自称小韩和小金。她们的中文说得毫无口音，言谈举止也相当亲切。"}
{"target": {"span2_index": 35, "span1_index": 11, "span1_text": "钢丝床", "span2_text": "她"}, "idx": 9, "label": "false", "text": "小孔在杂乱的人声里听到钢丝床的声音，“咯吱”一声。知道了，是王大夫在给她挪座位。"}
{"target": {"span2_index": 26, "span1_index": 13, "span1_text": "王冰棍", "span2_text": "他"}, "idx": 10, "label": "true", "text": "两个孩子走上了台阶，走到了王冰棍面前，宋钢抹着眼泪问他：“外面趴着的是不是我们的爸爸？”"}
{"target": {"span2_index": 54, "span1_index": 18, "span1_text": "木匠的女儿", "span2_text": "她"}, "idx": 11, "label": "true", "text": "他喜欢上一个粗壮的女同学，是城里一个木匠的女儿。我几次看到哥哥在学校的某个角落，从书包里拿出一包瓜子偷偷塞给她。"}
{"target": {"span2_index": 67, "span1_index": 20, "span1_text": "雷观", "span2_text": "他"}, "idx": 12, "label": "false", "text": "“老爹，你把头颅割了，自己还喝不喝酒？”雷观笑他。何老爹愣了一下，大声地回答：“喝，喝，割了俺十颗头，肚脐眼里也要长出一张嘴来喝酒。”他提起另一件得意事，“那天俺喝了几盅酒，胆气越壮，气力也更大了。"}
{"target": {"span2_index": 41, "span1_index": 6, "span1_text": "盲人", "span2_text": "他们"}, "idx": 13, "label": "true", "text": "这里又要说到盲人的一个特征了，因为彼此都看不见，他们就缺少了目光和表情上的交流，当他们难得在一起嘻笑或起哄的时候，男男女女都免不了手脚并用，也就是“动手动脚”的。"}
{"target": {"span2_index": 46, "span1_index": 31, "span1_text": "领导儿子们", "span2_text": "她们"}, "idx": 14, "label": "false", "text": "她有时从这些嚼舌根的姑娘跟前走过，知道她们正在说着她如何被那些领导儿子们蹬掉的传言，她仍然向她们送去若无其事的微笑，她们的闲言碎语对于她只是无需打伞的稀疏雨点。"}
{"target": {"span2_index": 19, "span1_index": 13, "span1_text": "眼睛", "span2_text": "他"}, "idx": 15, "label": "false", "text": "大家微笑着一起注视塔布斯的眼睛或手指。他的眼睛宁静，手指激动。"}
{"target": {"span2_index": 48, "span1_index": 9, "span1_text": "沙粒", "span2_text": "它"}, "idx": 16, "label": "false", "text": "虽然泥巴里裹有许多沙粒和碎草根，揉进手上的伤口里会很痛（也不知怎么弄的，满手都是细细的伤口），但它最有效，一会儿就把锅碗上的油泥子全擦尽了，再用水冲洗一遍，立刻干干净净、光可鉴人。"}
{"target": {"span2_index": 34, "span1_index": 12, "span1_text": "赵辛楣", "span2_text": "他"}, "idx": 17, "label": "false", "text": "王尔恺跟表伯有往来，还是赵辛楣的上司，家里有太太。可是去年表姐回国，他就讨好个不休不歇，气得赵辛楣人都瘦了。"}
{"target": {"span2_index": 34, "span1_index": 0, "span1_text": "孔子", "span2_text": "她"}, "idx": 18, "label": "false", "text": "孔子在这里只是让子贡去试试那女人是否贞洁，让子贡假装和她调情，然后看她的反应，没想到那个妇人正颜厉色把子贡回绝了，于是孔子才表示羡佩那妇人。"}
{"target": {"span2_index": 36, "span1_index": 21, "span1_text": "情人雷诺", "span2_text": "他"}, "idx": 19, "label": "true", "text": "在经典情色电影《O的故事》中，O娘看上去对情人雷诺百依百顺，甚至愿意为了他去接受SM女郎训练，以便用专业人士的水准伺候雷诺的性生活。但是片子到了最后，却是男人对她俯首称臣。"}
{"target": {"span2_index": 28, "span1_index": 3, "span1_text": "床", "span2_text": "它们"}, "idx": 20, "label": "true", "text": "马力的床还铺在那儿，好象晚上还是有人把它们打开，早晨又把它们叠好。"}
{"target": {"span2_index": 59, "span1_index": 25, "span1_text": "女同事", "span2_text": "她"}, "idx": 21, "label": "true", "text": "这几天北京冷得惊人，大家都时不我待的病了，单位有个女同事声音沙得说什么都像是在轻声低语，又像是永远在唱蔡琴。男同事们对她的兴趣则明显开始升级。"}
{"target": {"span2_index": 45, "span1_index": 41, "span1_text": "赵先生", "span2_text": "他们"}, "idx": 22, "label": "false", "text": "梅亭欢喜得直说：“讨厌，讨厌！我累得很，今天还想早点睡呢！这些孩子热心得不懂道理，赵先生，他们消息真灵呀！”"}
{"target": {"span2_index": 60, "span1_index": 5, "span1_text": "赵大姐", "span2_text": "她"}, "idx": 23, "label": "false", "text": "都红毕竟是赵大姐托付给自己的。可这个话怎么对赵大姐说呢，还是个问题了。赵大姐在电话里给季婷婷交代过的，“无论如何也得帮帮她”，几乎就是恳求了。"}
{"target": {"span2_index": 25, "span1_index": 0, "span1_text": "盲人老板", "span2_text": "他们"}, "idx": 24, "label": "true", "text": "盲人老板就是这点好，在健全人容易忽略的细枝末节上，他们周到得多，关键是，知道把他们的体贴用在恰当的地方。"}
{"target": {"span2_index": 39, "span1_index": 7, "span1_text": "方鸿渐", "span2_text": "他"}, "idx": 25, "label": "true", "text": "唐家车夫走后，方鸿渐上楼洗脸，周太太半楼梯劈面碰见，便想把昨夜女用人告诉的话问他，好容易忍住了，这证明她不但负责任，并且有涵养。"}
{"target": {"span2_index": 35, "span1_index": 24, "span1_text": "赵雨", "span2_text": "他"}, "idx": 26, "label": "false", "text": "赵雨对送东西来的老炊事员道谢，当那老头转身要走，赵雨突然想起了什么，问他：“王师傅，您是从什么时候开始到站上来的？”"}
{"target": {"span2_index": 42, "span1_index": 3, "span1_text": "褚慎明", "span2_text": "他"}, "idx": 27, "label": "true", "text": "天知道褚慎明并没吹牛，罗素确问过他什么时候到英国，有什么计划，茶里要搁几块糖这一类非他自己不能解决的问题。"}
{"target": {"span2_index": 33, "span1_index": 13, "span1_text": "老张", "span2_text": "他"}, "idx": 28, "label": "true", "text": "于大夫简直就要把门关上了，老张却从屋里走了出来，并一直走到了门前。他从于大夫肩膀上望过去，认出果真是庞其杉后，不禁惊喜交加地说：“啊，是其杉咽！我听声音像你，果然是你！请进请进！”"}
{"target": {"span2_index": 56, "span1_index": 42, "span1_text": "黄鸭子", "span2_text": "他们"}, "idx": 29, "label": "false", "text": "但过了一会儿，船平静下来，路灯探照之下，我看见两个人并排挤挤挨挨坐在一起，齐心协力把黄鸭子开回码头。有那么一会儿他们混淆了方向，但最终还是开到了正确的路上，很奇怪，每个人最终都能回到正确的路上。"}
{"target": {"span2_index": 21, "span1_index": 0, "span1_text": "小马", "span2_text": "他"}, "idx": 30, "label": "true", "text": "小马却不知道怎样才能描述嫂子的气味，干脆，他把这股子博大的气味叫做了嫂子。"}
{"target": {"span2_index": 33, "span1_index": 7, "span1_text": "家属", "span2_text": "他"}, "idx": 31, "label": "false", "text": "你想呢？椿寿的家属当然要闹。不过，黄寿臣在这些上的本事最大，不必替他担心。"}
