{"id": 948, "candidates": ["后继有人", "如履薄冰", "随行就市", "土生土长", "通宵达旦", "吹毛求疵", "衣冠禽兽"], "content": "3月10日,中国北方稀土(集团)高科技股份有限公司公布3月稀土产品挂牌价格大幅上调#idiom#。中国北方稀土(集团)高科技股份有限公司2021年3月稀土产品挂牌价格具体而言,镨钕系价格上调31-32%左右,钕系价格上调25-26%左右。此外,镧铈价格...", "answer": 2}
{"id": 856, "candidates": ["阳奉阴违", "胡思乱想", "迎来送往", "匠心独具", "喧宾夺主", "吃里爬外", "不能自拔"], "content": "不过这三人之间的氛围变得很尴尬,苏提达面露苦涩,反倒是诗妮娜斗志昂扬,嘴角还带着一丝得意。在走红毯接受献花的时候,诗妮娜#idiom#,代替王后接受这些军官的献花。 苏提达在泰王身后低头气氛十分压抑,反倒诗妮娜脸上的笑意都抑制不住了...", "answer": 4}
{"id": 596, "candidates": ["否极泰来", "成双作对", "贪生畏死", "约定俗成", "夸夸其谈", "放荡不羁", "反覆无常"], "content": "那么,曾经这一群#idiom#的“古惑仔”现在都过得怎样呢? 郑伊健扮演的是大哥陈浩南,在还没有名气的时候就已经谈恋爱了,女朋友就是邵美琪,她在那时名气比郑伊健大,不过两人非常恩爱,计划着两人共同的生活,也正准备订婚期了。 两人可以...", "answer": 5}
{"id": 1266, "candidates": ["损兵折将", "迎刃而解", "心血来潮", "山崩地裂", "古往今来", "杀身成仁", "刻舟求剑"], "content": "苏州:对不起,杭州,建设超1千万人的超大城市,我不是#idiom#!最近,苏州对自己的城市定位比以前更进一步了,更加拉大了,从国际大都市转变成了超大城市。愿景还是挺大的,直接干到全国第五城了。 苏州 要知道目前中国的超大城市:北京、上...", "answer": 2}
{"id": 65, "candidates": ["飘飘欲仙", "左思右想", "望文生义", "腥风血雨", "艰苦卓绝", "出头露面", "付之一笑"], "content": "你忘了回忆,我忘了忘记. 碎了一地的诺言,拼凑不回的昨天. 深浅不一的印记,#idiom#的回忆. 最疼的疼是原谅,最黑的黑是绝望. 是你苍白了我的等待,讽刺了我的执着. 沿途的风景我只能边走边忘. ...", "answer": 6}
{"id": 1339, "candidates": ["眼花撩乱", "见微知著", "沆瀣一气", "忠心耿耿", "破涕为笑", "趁热打铁", "井井有条"], "content": "4.景甜#idiom#? 《司藤》这部剧表现是非常出彩的,这部剧当初的评级不高,但是受到的关注度和讨论度都非常高。虽然平台分销出去对平台来说没有吃到多少红利,但是对演员来说爱优腾联播,看得人也就更多了,知名度更收益。她之前定下来...", "answer": 5}
{"id": 618, "candidates": ["气味相投", "明知故问", "五湖四海", "心狠手辣", "声名鹊起", "满目疮痍", "大张旗鼓"], "content": "有分析称,德法和整个欧盟都不会#idiom#与俄罗斯对着干,唯独英国这么做,这是做给美国看,也给德、法和整个欧盟看。但在莫斯科看来,英国的举动好像是患上了“俄罗斯焦虑症”“俄罗斯恐惧症”。“无论是不是欧盟成员国,英国当局都一贯...", "answer": 6}
{"id": 735, "candidates": ["金童玉女", "鹬蚌相持", "头晕目眩", "朝不保暮", "延年益寿", "相待如宾", "无牵无挂"], "content": "氢气能#idiom#吗? 因微信公众号改版,为防止错过“氢益康”的推送请【星标】或文末点【分享】【赞】【在看】哦!如何设为星标?点击公众号名称“氢益康”再点右上角的“...”,点“设为星标”就ok了...", "answer": 4}
{"id": 865, "candidates": ["一帆风顺", "成群结队", "没头没脑", "救死扶伤", "一拍即合", "坐立不安", "奴颜婢膝"], "content": "#idiom#的游客全部去挖笋,可见是有市场需求的,面对游客这样的想法,旅游村的村民完全可以将此化为盈利的点,让这些人不仅付费还要付出劳动才能真真体验挖笋的辛苦,就像钓鱼一样,钓的鱼那是要花钱买走的。 举报/反馈 发表评论 发表  作...", "answer": 1}
{"id": 1352, "candidates": ["身体力行", "无所不能", "天下太平", "柳暗花明", "素不相识", "孤军深入", "身经百战"], "content": "老人隐藏身份60年!连妻儿都不知道,他竟然是#idiom#的老革命 玄文记 发布时间: 04-0214:29 2014年的时候,湖北的某个小山村发生了一起特大的火灾,有一个孩子因为单独在家被困在火中来不及逃出来,幸好当时有一个老人家冲进了火场...", "answer": 6}
{"id": 791, "candidates": ["开路先锋", "开宗明义", "从头至尾", "魂飞魄散", "颠扑不破", "曾几何时", "拒人千里"], "content": "今天小编给大家推荐:开始时,想尽手段,让她#idiom#;结束时,用尽办法,愿她功德圆满第一本:《春日宴》作者:白鹭成双简介:养面首、戏重臣!嚣张跋扈、祸害朝野长达八年的丹阳长公主李怀玉薨了,薨在新皇登基这一天,七窍流血、死状极...", "answer": 3}
{"id": 70, "candidates": ["丧权辱国", "拉拉扯扯", "丝丝入扣", "插科打诨", "谢天谢地", "神魂颠倒", "望而却步"], "content": "总理衙门事务大臣,一般是亲贵重臣担任,囿于传统观念,亲贵一般不亲自处理涉外事务,遑论参与外交谈判。对于清廷而言,#idiom#的卖国条约签字者,自然不能是亲贵,亲贵不能承担这个责任,李鸿章也就成为一个背锅侠了!", "answer": 0}
{"id": 1032, "candidates": ["狼狈为奸", "零敲碎打", "表里如一", "循序渐进", "姗姗来迟", "不置可否", "一拍即合"], "content": "以我市涌现出的全国道德模范“信义奶奶”窦兰英、“全国最美抗疫志愿者”屈玲玉等为榜样,带动文明新风滋润张掖大地,引领公民思想道德建设走深走实,促进社会文明程度全面提升,努力把张掖建设成为“形神兼备、体健魂正、#idiom#、名实...", "answer": 2}
{"id": 697, "candidates": ["人烟稠密", "牛郎织女", "秀外惠中", "将功折罪", "旧事重提", "放浪形骸", "心灵手巧"], "content": "导语:金牛座女性#idiom#,善于观察,善于观察事物的变化,懂得在相亲过程中把对方的语言和动作拿捏到位。各方面,他们最排斥的就是不够成熟、不够体贴、不够时尚的相亲对象。他们会觉得这样的物体让人感到不安。 金牛座的人情绪稳定,踏实。", "answer": 6}
{"id": 779, "candidates": ["东山再起", "另眼相看", "一贫如洗", "情不自禁", "言过其实", "痛不欲生", "事出有因"], "content": "达芙妮全线自救:陨落的“大众鞋王”还能#idiom#吗? (图片来源:全景视觉) 经济观察报 记者李紫宸 王彤月2012年处于巅峰时期的达芙妮或许没有想到,那一年会成为自身命运的转折点,因为从那一年之后,这家“大众鞋王”再也没能够重新振作。", "answer": 0}
{"id": 1242, "candidates": ["不堪入目", "威风凛凛", "开天辟地", "狗皮膏药", "表里如一", "真心实意", "悠然自得"], "content": "现代伊兰特价格 #idiom#大回馈2021-04-08 12:09:58 来源: 经销商供稿 举报 0  分享至  用微信扫码二维码 分享至好友和朋友圈 促销时间:2021/04/08-2021/04/20 近日,北京现代店,针对旗下伊兰特系车型给出了最高3万元的综合...", "answer": 5}
{"id": 387, "candidates": ["包罗万象", "运用自如", "同舟共济", "冲锋陷阵", "惹是生非", "败军之将", "风雪交加"], "content": "商家们的脑洞总是可以大开,一切能想到或者难被想到的元素和图案,都有可能变成柄图出现在Lo裙上,可谓是#idiom#,更有可能引发一股浪潮,成为当下的潮流,成为其他商家争先学习效仿的对象。 在Lolita刚开始流行之时,很少能在Lo裙上见到海洋...", "answer": 0}
{"id": 183, "candidates": ["不由自主", "翻天覆地", "后继有人", "东山再起", "开门见山", "不关痛痒", "攻守同盟"], "content": "《王牌对王牌》@华晨宇yu @张若昀 合唱张惠妹的歌曲《#idiom#》,大家觉得如何? 作者最新文章 一个成熟股票投资者必经的训练程序 国家卫健委:17日新增确诊病例27例 17例为境外输入病例 世卫组织报告:全球新冠肺炎确诊病例已超过200万 ...", "answer": 4}
{"id": 60, "candidates": ["照本宣科", "根深蒂固", "气势汹汹", "坐享其成", "心中有数", "怒不可遏", "铁面无私"], "content": "明明就是为了对抗女王的声明,推翻自己离开的决定,这么打脸的话也可以说得如此清新脱俗,也只有梅根可以做到了。当然,梅根放哈里冲锋上阵,只要和王室对抗成功,她这个幕后军师就可以#idiom#了。", "answer": 3}
{"id": 1376, "candidates": ["老羞成怒", "谈虎色变", "一刀两断", "丢三落四", "楚楚动人", "东逃西窜", "心往神驰"], "content": "而这一行为,一再让网友们猜测,难道李小璐给甜馨改名叫“李奕涵”了?她和贾乃亮彻底决裂了?一时间,网友们也是摸不着头脑。 如今关于改名字的事情也被很多人知道,有不少网友都表示李小璐打算跟贾乃亮#idiom#了,网友们对此消息也是热议...", "answer": 2}
{"id": 229, "candidates": ["惹火烧身", "穷则思变", "人才济济", "急不可待", "缩手缩脚", "五色缤纷", "肝脑涂地"], "content": "距离东京奥运会的开幕,只剩下最后一百多天时间了,作为#idiom#的体育大国,中国队在很多项目上都有着争金的实力,在乒乓球、跳水、羽毛球、射击、举重、体操等项目中更拥有着恐怖的统治力,然后在最受瞩目的足球项目上,中国男足再一次无...", "answer": 2}
{"id": 177, "candidates": ["如此而已", "风流韵事", "志同道合", "息事宁人", "贪赃枉法", "诚心诚意", "东拼西凑"], "content": "周某斌过来看到这一幕后,佯装不知情,本着为周某着想,扮演起“和事佬”的角色,一边安抚曲某和曲某的哥哥,一边提议让周某花钱#idiom#。慌不择路的周某最终只好答应拿出15000元人民币来了解此事。 ", "answer": 3}
{"id": 985, "candidates": ["像模像样", "粉身碎骨", "纷至沓来", "繁荣昌盛", "高朋满座", "百花齐放", "妙不可言"], "content": "曾经何时,#idiom#的盛景是无处不在,比如曾经的国家广电,有自己独立的获取的或制作购买的资源和传播渠道,电影也有电影厂、电影院及乡村放映队一整条完整的产业链。就是最不被看好的传统艺术文化,一直都是有众多专业及业余团队在传承...", "answer": 5}
{"id": 1072, "candidates": ["扬扬得意", "老羞成怒", "自告奋勇", "大发雷霆", "能屈能伸", "望文生义", "无关紧要"], "content": "相比较而言,在中国,对于“信息茧房”的质疑和批判性研究很少、实证性罕见,全盘接受或#idiom#的概念化研究却比较多,并且算法平台实务界与学术界的观点大相径庭。 自从桑斯坦的相关观点被介绍到国内、特别是2008年《信息乌托邦》中文译本...", "answer": 5}
{"id": 1468, "candidates": ["坐怀不乱", "引而不发", "时来运转", "青山绿水", "有板有眼", "金屋贮娇", "心乱如麻"], "content": "刘青云、刘德华、倪妮作为主演肯定是同时受采。视频中他们都是在电影中的打扮。应该是记者问道刘青云:电影讲述的大致故事。所以刘青云就用非常通俗易懂又非常显平淡的口气#idiom#地说出剧情大致意思。 ", "answer": 4}
{"id": 605, "candidates": ["兵临城下", "白璧无瑕", "粗茶淡饭", "痛哭流涕", "拒人千里", "扣人心弦", "从长计议"], "content": "疫苗已#idiom#,信使已来最后通牒,你是打呢,还是打呢,还是打呢? 怎么会突然变成这种状况?因为疫苗接种进展不理想! 4月3日全国接种新冠病毒疫苗13667.7万剂次,还不到全国人口的10%。不仅距构筑免疫屏障所需的70%存在差距,也与...", "answer": 0}
{"id": 542, "candidates": ["百花齐放", "卷土重来", "富商大贾", "妄自尊大", "专心一意", "另眼相看", "死皮赖脸"], "content": "武汉“茶水盘”#idiom#? 近日,【越乔】发现,武汉楼市“销声匿迹”许久的“茶水费”再次浮现,引发网友在武汉城市留言板上质疑和投诉。 【越乔】截图自武汉城市留言板 其中,有一位外地留汉大学生反应:听说现在光谷东炒房炒的很厉害,...", "answer": 1}
{"id": 454, "candidates": ["反客为主", "生死之交", "弄巧成拙", "人间地狱", "讳疾忌医", "莫衷一是", "明察暗访"], "content": "3月29日、3月30日,全市公安队伍教育整顿领导小组常务副组长、教育整顿办公室主任、沈阳市公安局党委副书记、副局长许树文采取#idiom#的形式,先后来到大东分局文官派出所和浑南分局全运村派出所,通过实地查看、查阅资料、现场提问等方式,对...", "answer": 6}
{"id": 320, "candidates": ["大言不惭", "有恃无恐", "高风峻节", "高瞻远瞩", "一字一句", "鹤立鸡群", "过街老鼠"], "content": "顺境时居安思危,逆境时#idiom#,哪怕历经波折,内心依然波澜不惊。 那些鼠目寸光的人,为了一点蝇头小利争得头破血流,困惑于功名利禄之中,整日尔虞我诈,把自己活成了粗鄙的市井小人,一辈子碌碌无为。 而深谋远虑的人,总能够掠过...", "answer": 3}
{"id": 1286, "candidates": ["伤天害理", "长命百岁", "郎才女貌", "披荆斩棘", "富可敌国", "男女有别", "驷马难追"], "content": "而今天给大家介绍的就是一种寓意非常好的花朵—长寿花,顾名思义听着名字就可以看出这朵花寓意着#idiom#、福寿吉祥,特别适合送给家里的长辈。 现在正好又是长寿花的花期,长寿花的花期很长,大约有2到3个月的时间。而且长寿花用来扦插...", "answer": 1}
{"id": 562, "candidates": ["临阵脱逃", "捉衿见肘", "杯盘狼藉", "情窦初开", "摩拳擦掌", "低三下四", "相安无事"], "content": "#idiom#的代价 孙璐瑶伤心地跪在妈妈面前,把事情的始末都一一讲了出来。原来这段感情开始于半年前班级组织的结对帮扶。孙璐瑶由此结识了她的早恋对象林伟。林伟是一个身世可怜的孩子,父亲母亲离婚后便由外公外婆一手带大。孙璐瑶觉得他...", "answer": 3}
{"id": 1397, "candidates": ["响彻云霄", "张灯结彩", "摇尾乞怜", "不以为然", "政出多门", "一团和气", "没头没脑"], "content": "我们读《西游记》,常常会碰上一些#idiom#的“梗”,似乎话里有话,话里背后有故事,但作者却又隐忍不说,直至你读完全书,也不会有答案。 这是怎么回事呢? 举个例子。 第四十二回《大圣殷勤拜南海,观音慈善缚红孩》,孙悟空斗不过...", "answer": 6}
{"id": 1114, "candidates": ["慷慨陈词", "不知所以", "无所不为", "斗志昂扬", "坐失机宜", "作威作福", "相生相克"], "content": "天命是无法改变的,气质是随着命运而来的。有的女人天生其貌不扬,但有的女人天生亭亭玉立,这三大星座的女人都有富婆的样子,很多都是在家里#idiom#,所以男人必须得不断的伺候她们,不然家里可能会有动荡。双鱼座双鱼女任性,在家独霸。", "answer": 5}
{"id": 482, "candidates": ["成年累月", "举重若轻", "千回百转", "归根结蒂", "多此一举", "三年五载", "标新立异"], "content": "工业互联网“咖”解:工业互联网价值凸显,APaaS平台#idiom#,在新一轮科技革命和产业变革之时,工业互联网已经成为工业创新转型的重要依托。2016年2月1日由工业、信息通信业、互联网等领域百余家单位共同发起成立了工业互联网产业联盟(...", "answer": 1}
{"id": 813, "candidates": ["斩尽杀绝", "丧心病狂", "卖身投靠", "拖泥带水", "各取所需", "面如土色", "百思不解"], "content": "美国边境出现#idiom#一幕!小女孩被扔进美国,俄罗斯强烈谴责 新观点国际 发布时间: 04-0217:55郑州广电官方帐号 据福克斯新闻4月1日报道,美国海关与边境保护局 周三发布了一段录像,录像显示两名移民走私者将两名小女孩从一道14英尺高的...", "answer": 1}
{"id": 1474, "candidates": ["同舟共济", "死乞白赖", "孤苦零丁", "危在旦夕", "痛定思痛", "才貌双全", "后发制人"], "content": "赵立坚指出,中日作为一衣带水的友好邻邦,在危难时刻有着#idiom#、守望相助的良好传统。2011年那场大地震发生后,中国政府和人民及时伸出援手,向日方提供了力所能及的帮助和支持。我们也不会忘记2008年四川汶川地震发生后,日本政府和人民...", "answer": 0}
{"id": 487, "candidates": ["不登大雅", "助桀为虐", "犬牙交错", "独一无二", "风驰电掣", "树大招风", "气急败坏"], "content": "一岁孩子误食农药急就医,交警一路#idiom#保平安 自动播放  腾讯视频 v.qq.com  免责声明:本文来自腾讯新闻客户端自媒体,不代表腾讯网的观点和立场。为你推荐 台铁事故最新画面:肇事者曾从救援现场路过 与幸存者擦肩而过 青蜂侠 32...", "answer": 4}
{"id": 1042, "candidates": ["力排众议", "维妙维肖", "乐天知命", "大是大非", "虚晃一枪", "尽心竭力", "民怨沸腾"], "content": "央华戏剧官宣肖战将参演《如梦之梦》之后,不仅引发了众多粉丝的期待,还有圈内前辈#idiom#支持肖战称,他承受了不少委屈,却撑大了格局。相信以他的能力完全能够诠释好这部话剧中的角色,为大家奉献一场精彩绝伦的舞台剧。 圈内前辈刘喜...", "answer": 0}
{"id": 27, "candidates": ["因噎废食", "大人先生", "大动肝火", "简明扼要", "酒酣耳热", "乐此不疲", "社会贤达"], "content": "这一段话#idiom#地阐明了这部小说的主题。这部小说从头到尾都在描写与渲染着忧郁、苦闷和性…… 郁达夫是个才子,多愁善感,他的散文无一例外是“自我的表现”,而且是“自叙传”式的自我表现,是最为坦诚、露骨的自我表现。在郁达夫看...", "answer": 3}
{"id": 41, "candidates": ["望而生畏", "嬉皮笑脸", "贪心不足", "政出多门", "不屈不挠", "不知深浅", "因势利导"], "content": "坚定信念,#idiom#,勇于过自己想要的人生 人们常说人类是一种社会生物,这集承认了集体和团结的重要性,同时也说明了每一个人都必须要依赖在集体当中,可是对集体的依赖所有程度而言的,有的人过度的依赖集体,而有的人会在一定程度上...", "answer": 4}
{"id": 912, "candidates": ["碍手碍脚", "误打误撞", "高人一等", "黑灯下火", "如火如荼", "铁证如山", "如雷灌耳"], "content": "游艇上的女人,没有不漂亮的。 游艇上的女人,难道#idiom#? 记得那一年,我们的思聪过生日,在游艇上开派对,私人飞机接送,6名美女跟随庆生!这不是一般人儿! 永远忘不了,拳击高手武僧一龙,从一穷二白到身家过亿,买千万游艇和百万豪车...", "answer": 2}
{"id": 1015, "candidates": ["待人接物", "不成体统", "剑拔弩张", "走南闯北", "花红柳绿", "探头探脑", "鱼与熊掌"], "content": "大宋宫词:皇帝御驾亲征,宫内乱的#idiom#! 自动播放  腾讯视频 v.qq.com  免责声明:本文来自腾讯新闻客户端自媒体,不代表腾讯网的观点和立场。为你推荐 侠客岛:“抵制新疆棉花”,一场设计了一年多的阴谋 侠客岛 15分钟前 在“...", "answer": 1}
