{"id": 933, "candidates": ["心照不宣", "争先恐后", "风华正茂", "汗马功劳", "风餐露宿", "微言大义", "小心翼翼"], "content": "人,开始总是#idiom#的长大,后来又在不知不觉中渐渐老去。我的叔叔和舅舅他们在儿时就是玩伴,后来因为我父母的结合又成为了亲戚,每回他们坐在一起端起了酒杯,总是有着谈不完的话题。 他们的话题,从儿时的童趣、成长的记忆以及一些...", "answer": 1}
{"id": 116, "candidates": ["延年益寿", "虚张声势", "情有可原", "梁上君子", "盘根错节", "口是心非", "脱胎换骨"], "content": "看过《名侦探柯南》的小伙伴们都知道,毛利大叔平时对柯南总是非打即骂,态度非常的恶劣,所以有人给出了“岳父怎么可能会瞅女婿顺眼”这一解释。但实际上毛利大叔只是#idiom#罢了,他对柯南真的非常好,所以该改成“岳父怎么可能会不...", "answer": 5}
{"id": 980, "candidates": ["趁火打劫", "滴水不漏", "鱼龙混杂", "大风大浪", "度日如年", "一丝不苟", "乱作一团"], "content": "80岁老人被不断骚扰,每天都#idiom#!而骚扰老人的竟是儿子! 自动播放  腾讯视频 v.qq.com  免责声明:本文来自腾讯新闻客户端自媒体,不代表腾讯网的观点和立场。为你推荐 北京遭遇近年来最强沙尘暴!沙尘与防护林开口子有关?气象局...", "answer": 4}
{"id": 664, "candidates": ["大起大落", "明察暗访", "依依不舍", "半夜三更", "马首是瞻", "发人深思", "四分五裂"], "content": "而欧洲呢,历史上不乏出现过高度集权的国家,但仍然难以面对外界的入侵,导致长期处于#idiom#。久而久之,民众发现,既然集权政府也不足以带来防御优势,继而没有渴望统一的心思,也就不足为奇了。", "answer": 6}
{"id": 1322, "candidates": ["一鳞一爪", "开路先锋", "皮开肉绽", "半斤八两", "前功尽弃", "南辕北辙", "如意算盘"], "content": "看了这位美女的穿搭,希望可以给大家一点启发,在穿搭上切忌掉以轻心,以防#idiom#,再好的身材都起不到作用了,明白吗?", "answer": 4}
{"id": 173, "candidates": ["贻笑大方", "明知故犯", "壁垒森严", "不堪一击", "天方夜谭", "百孔千疮", "金科玉律"], "content": "看,这就是我面对主流价值观的一贯反应:通过一段看似理性实则毫无意义又让人无法反驳的言论来达到尽快结束对话,又不伤对方面子的目的。一种无意识的自我保护。这让我很难与人深入交流,至于建立亲密关系,更是#idiom#。 ", "answer": 4}
{"id": 1016, "candidates": ["一拍即合", "两袖清风", "聚精会神", "急起直追", "若无其事", "常年累月", "狡兔三窟"], "content": "高茜却#idiom#不为所动 星太奇其实是一位非常多才多艺的男孩,不仅画画很棒,而且还对吉他有几分研究,为了增进和田鸡妹之间的友谊,特意为田鸡妹弹了一首歌曲,可奋豆却认为弹吉他太俗,要玩就玩点高雅的。 “豪华编钟”接着奏乐接...", "answer": 4}
{"id": 782, "candidates": ["一鳞一爪", "缄口不言", "满面春风", "见所未见", "温故知新", "命在旦夕", "若有若无"], "content": "哈哈哈,应该鼻尖总是会有一股#idiom#的臭味吧... 如果我没看错的话, 这应该是之前用来吐痰的味痰盂吧?我说妹子,你这是有多想不开?咋用它来吃饭啊? 七夕节已经过了,相信各位有对象的小伙伴也都在计划着送自己的另一半什么...", "answer": 6}
{"id": 595, "candidates": ["一分一毫", "以身作则", "信手拈来", "过眼云烟", "言多必失", "筚路蓝缕", "始终不渝"], "content": "《通知》指出,开展党史学习教育,要深刻感悟中国共产党#idiom#为人民的初心宗旨。党员干部要通过学习,始终牢记人民是我们党执政的最大底气,自觉坚持人民立场、践行群众路线,永远和人民群众同呼吸、共命运、心连心。 中国共产党自成立之日...", "answer": 6}
{"id": 634, "candidates": ["治病救人", "谈笑风生", "玉石俱焚", "腥风血雨", "欲擒故纵", "雄材大略", "凤毛麟角"], "content": "每一个关心香港前途的人,都应当静下来思考,都应担起应有责任,是时候向“揽炒”说不了! (原题为《决不能让香港在“揽炒”中“#idiom#”!》) 编辑:秦秦", "answer": 2}
{"id": 1367, "candidates": ["家长里短", "大红大绿", "独立王国", "无微不至", "借题发挥", "男欢女爱", "耿耿於怀"], "content": "男女之间的事情谁也说不好,因为对于感情这种事情来讲,每个人都会有自己不同的一些处理方式,有一种观点认为在感情当中,双方就应该无私地去付出,尤其是男人作为主动的一个群体,对女性朋友们的照顾,更应该是#idiom#,在照顾的过程当中,...", "answer": 3}
{"id": 746, "candidates": ["不容分说", "鸡毛蒜皮", "若明若暗", "徒子徒孙", "酩酊大醉", "味同嚼蜡", "树大招风"], "content": "如果推而广之,社会人生总是有许许多多的事例和事理#idiom#地盘绕在我们周围。 寻找 很多时候,我们真的不得不需要直面人生,直面社会,直面现实,直面真相,而不是文过饰非,粉饰事实,甚至篡改事实;或许,只有如此,我们才可能准确定位...", "answer": 2}
{"id": 858, "candidates": ["摧枯拉朽", "添油加醋", "大逆无道", "铺天盖地", "另眼相待", "生生世世", "别有洞天"], "content": "粉红色的盐,即便“颜值”高、品质好,但也还是盐,如果营销#idiom#,就变味了。来源 北京晚报 | 记者 李嘉编辑 李嘉流程编辑 刘伟利", "answer": 1}
{"id": 761, "candidates": ["娇声娇气", "大同小异", "无所不能", "无所事事", "改过自新", "人心惶惶", "八面威风"], "content": "如果一个人#idiom#,大家冒出来的第一反应,这个人太懒了,一点儿都不独立。要不是父母帮忙操持着,根本就活不下去。大家只看到了这个人不上进,基本没有生活自立能力,就像一个寄生虫一样,依靠着父母。但真实原因只有这么简单吗? ", "answer": 3}
{"id": 1489, "candidates": ["大步流星", "合情合理", "迫不及待", "枉费心机", "精神抖擞", "穷则思变", "训练有素"], "content": "作为中国“长寿”皇帝乾隆,为什么日理万机,却还活到了89岁,并且妥妥的#idiom#。 答案就是:“补” ! 根据记载, 乾隆帝日常爱喝茶调补,并常年饮用北京同仁堂进贡的“人参五宝茶”来增补精气,保持体力。 ", "answer": 4}
{"id": 1085, "candidates": ["磨刀霍霍", "青山绿水", "抚今悼昔", "能屈能伸", "一见如旧", "等闲视之", "同生共死"], "content": "汽车无论处于哪种阶段,都有可能发生漏油的现象。漏油是车子出故障的前兆,所以不能#idiom#。 新车漏油大多是在装配时留下的祸根,配合不好、部件没有正确到位。使油封、油垫、皮碗之类的密封件不能起到堵封作用。而老车则多是因磨损...", "answer": 5}
{"id": 1042, "candidates": ["力排众议", "维妙维肖", "乐天知命", "大是大非", "虚晃一枪", "尽心竭力", "民怨沸腾"], "content": "央华戏剧官宣肖战将参演《如梦之梦》之后,不仅引发了众多粉丝的期待,还有圈内前辈#idiom#支持肖战称,他承受了不少委屈,却撑大了格局。相信以他的能力完全能够诠释好这部话剧中的角色,为大家奉献一场精彩绝伦的舞台剧。 圈内前辈刘喜...", "answer": 0}
{"id": 270, "candidates": ["以怨报德", "流言蜚语", "渔人之利", "匠心独具", "驷马难追", "见缝插针", "遥遥无期"], "content": "总而言之,当实力达到一定程度,哪怕再多的#idiom#也不会造成丝毫的影响,而长安UNI-K就是这种情况,其硬核实力不止有让它面对各种困难的底气,也让它有成为同价位最强者的底气。至少对于预算20万以内的消费者来说,长安UNI-K真香。 举...", "answer": 1}
{"id": 1237, "candidates": ["如数家珍", "遥遥无期", "危如累卵", "不期而会", "奇装异服", "七零八落", "不共戴天"], "content": "S22赛季黄忠大招双抗增加,适时正赶上牛魔被动调整,两者的#idiom#,让“免伤坦克流”黄忠昙花一现,弱化+不详+牛魔双抗+黄忠大招双抗,黄忠可谓真正的射坦,但仅仅一个星期左右纷纷消失,面对版本诸多灵活强势的英雄,黄忠想原地站撸还是有...", "answer": 3}
{"id": 215, "candidates": ["置身事外", "三十而立", "君子协定", "超然物外", "打击报复", "初露锋芒", "纹丝不动"], "content": "下一代奔驰GLC SUV非官方渲染图 #idiom#,日前报出来的谍照基本没有透露出下一代奔驰GLC SUV的样子,奔驰将它隐藏在厚重的伪装下,不免引人深思。最近曝光了一组非官方渲染图,这也显示了奔驰要公布全新GLC外观的信号。效果图展示了一辆...", "answer": 5}
{"id": 42, "candidates": ["异想天开", "时移世易", "半生半熟", "言之凿凿", "大有可为", "喧宾夺主", "焕然一新"], "content": "1997年上映的电影《宋家王朝》中,影星杨紫琼,张曼玉,邬君梅,分别扮演宋霭龄,宋庆龄,宋美龄,其片头语“遥远的旧中国有三姐妹,一个爱钱,一个爱国,一个爱权”不胫而走,却也#idiom#,成为对宋氏三姐妹的总体评价。图中是《宋家王朝》的...", "answer": 3}
{"id": 1461, "candidates": ["大家风范", "嗷嗷待哺", "有气无力", "力争上游", "汗流浃背", "点头哈腰", "弃之可惜"], "content": "二战后,盟国在日本拥有极大特权,日本人见到外国人就#idiom# 50% 75% 100% 画中画 VIDd3238z4vrfo 播放模式chromehls 分辨率1600 x 1600 视频宽高864 x 486 音量0% 视频协议https CDNapd-fb71287ee1fe2a2667eeb06581cf69c4.v....", "answer": 5}
{"id": 447, "candidates": ["赌咒发誓", "孔武有力", "品头题足", "自投罗网", "百年不遇", "高抬贵手", "铤而走险"], "content": "原标题:《来法院咨询问题,结果“#idiom#”了!》 特别声明 本文为澎湃号作者或机构在澎湃新闻上传并发布,仅代表该作者或机构观点,不代表澎湃新闻的观点或立场,澎湃新闻仅提供信息发布平台。申请澎湃号请用电脑访问http://renzheng.thepa...", "answer": 3}
{"id": 1464, "candidates": ["大显神通", "日日夜夜", "少不更事", "有口难言", "所向披靡", "饱经风霜", "天府之国"], "content": "穿越寒冬,英雄之城在两江交汇之地傲然挺立,在春风中焕发新的风采。 春暖花开,山河无恙。这个春天,来得极其不易。难以忘记,新冠肺炎疫情突袭之际,“隔一座城,护一国人”,76个#idiom#,见证了武汉人民的顽强与坚韧、付出与牺牲。向险...", "answer": 1}
{"id": 665, "candidates": ["寻根究底", "心满意足", "打家劫舍", "狂轰滥炸", "寻死觅活", "大公无私", "堂堂正正"], "content": "#idiom#做人,明明白白做事,永远不要丢掉别人对你的信任。 不管碰到任何事,善良,永远不过期;不管遇到任何人,真诚,才能走进心里! 本文来源网络,仅做公益分享,若侵权请告知删除!", "answer": 6}
{"id": 1321, "candidates": ["另眼相待", "显山露水", "家长里短", "珠光宝气", "三长两短", "数一数二", "绞尽脑汁"], "content": "总的来说,为了能够寻找到佩莱的接班人,郝伟真的是#idiom#了,竟然疯狂地给出了ABCDE五个计划,看来他面临的压力不小。值得一提的是,截止到现在,鲁能的球迷依旧不知道他们的新援是谁,因为郝伟也还没有给出确切的答案。但是,无论如...", "answer": 6}
{"id": 949, "candidates": ["归心似箭", "无往不克", "一事无成", "骑虎难下", "饱经忧患", "放虎归山", "如数家珍"], "content": "如今,很多人35岁了,依旧#idiom#。在奔四的这拨人当中,虽然我们不愿意去承认年纪的增长,但内心隐隐约约觉得自己不再年少,身体和精力也是一年不如一年。 赚钱,钱没赚到,顾家,家没顾上。 于是,你慌了。 其实,所谓的中年危机,其实...", "answer": 2}
{"id": 854, "candidates": ["听而不闻", "三五成群", "孔孟之道", "一望而知", "别开生面", "成家立业", "千头万绪"], "content": "也是心不在焉,视而不见,#idiom#,食而不知其味,但是境界不一样了。 举例,我们什么境界,什么情绪,什么状态都不住的情况下就是这样的,大家有体会吗? 我不执着于任何一件事情,我也没有任何的情绪,这时发现,淡定从容地坐在这里的...", "answer": 0}
{"id": 1340, "candidates": ["天网恢恢", "郑重其事", "有钱有势", "滔滔不竭", "冷言冷语", "一蹶不振", "防不胜防"], "content": "太二这一波制造惊喜的“宠粉”活动做得这么用心,难怪粉丝在开业现场这么激动。 现场的观众纷纷表示:嫉妒地想哭! 今年最#idiom#的“宠粉狂魔”,真的非太二酸菜鱼莫属!", "answer": 1}
{"id": 1208, "candidates": ["分庭抗礼", "鱼米之乡", "全神贯注", "覆水难收", "若隐若现", "不置可否", "腰缠万贯"], "content": "中国为何能在手机设计上#idiom#? 钱德虎关注 “我把我做的每一件事,都当做解决问题的机会……我希望我能使人们变得更好。” 去年vivo X30宣布和Alexander Wang联名限量款手机后,后者曾经这样表达对于跨界捉刀外观设计的初衷。作为国际...", "answer": 0}
{"id": 711, "candidates": ["众目睽睽", "缘木求鱼", "爱不忍释", "如胶似漆", "祸不单行", "同仇敌忾", "满腹经纶"], "content": "全民族抗战的#idiom#,抗美援朝的英勇无畏,抗洪抢险的勇往直前,抗疫斗争的逆行出征……总书记不止一次对那些为民族独立、人民解放和国家富强、人民幸福捐躯的烈士作出重要指示,主持重要会议对他们进行表彰,号召大家向他们的崇高精神学习,使...", "answer": 5}
{"id": 453, "candidates": ["无名英雄", "改邪归正", "人人自危", "气息奄奄", "迫不得已", "久而久之", "力不胜任"], "content": "白人男子连续行凶!亚特兰大按摩店6亚裔女遭枪杀,美亚裔群体#idiom# 环球网 发布时间:03-1806:38环球网官方帐号 【环球时报驻美国特约记者 侯健羽 环球时报记者 邵一佳 李文】美国亚特兰大都会区16日傍晚发生3起枪击案,造成8人死亡,其中...", "answer": 2}
{"id": 1228, "candidates": ["再三再四", "专心致志", "不可多得", "形影不离", "口是心非", "忠心耿耿", "得陇望蜀"], "content": "是入关的大功臣,皇太极去世之后,鳌拜被任命为议政大臣辅佐顺治,不过鳌拜和多尔衮、多铎、代善相比,地位上还是相形见绌,为了保卫皇太极血脉登上皇位,鳌拜备受多尔衮打击,那么就是这样一个对皇太极、顺治#idiom#的大臣,为何对康熙就飞扬跋扈...", "answer": 5}
{"id": 860, "candidates": ["大惊小怪", "兵戎相见", "休戚与共", "空空如也", "炯炯有神", "天旋地转", "稀奇古怪"], "content": "成都这些#idiom#的杂货铺,原来卖的东西这么有意思 最近发现了一件很好玩的事,成都突然兴起了很多有趣的的杂货铺,贩卖各种可爱物件,有日系、韩系、也有“成都系”。这些杂货铺兼顾了些许复古情怀,又融入了时下最in的潮流元素。虽为...", "answer": 6}
{"id": 1064, "candidates": ["良师益友", "下里巴人", "不可理喻", "屏气凝神", "兴风作浪", "寅吃卯粮", "一笑了之"], "content": "人物| Gottfried Konecny教授:从制图员到摄影测量与遥感学“世界大使”的传奇人生Gottfried Konecny教授除了是世界公认的摄影测量与遥感学大使,还是中国摄影测量与遥感学科的#idiom#。李德仁院士专门撰写了回忆文章Gottfried Konecny: our be...", "answer": 0}
{"id": 849, "candidates": ["离经畔道", "引吭高歌", "山珍海错", "才貌双全", "并驾齐驱", "林林总总", "无米之炊"], "content": "让我们闭上双眼,用影视剧的脑袋,想象一下:整个奥运场馆很空旷,李鸿章独自在#idiom#——唱着被中国精英阶层非常看不起的黄梅小调,而且还是满脸严肃地、一本正经地、两眼泪痕地唱着—— 又是一季清风扬,轻轻忆起好时光。季季柔情总难忘...", "answer": 1}
{"id": 1373, "candidates": ["避重就轻", "识文断字", "一望而知", "遥相呼应", "弹冠相庆", "笑里藏刀", "横七竖八"], "content": "这件事并没有那么快就结束了,郑爽和张恒两个人还是没有把事情的真相全部交代清楚,郑爽也一直在#idiom#地处理一些关键问题,无论结局如何,都希望两个孩子能得到妥善处理。 举报/反馈 发表评论 发表  作者最新文章 黄渤坐千万豪车炫富...", "answer": 0}
{"id": 1482, "candidates": ["小题大做", "丧尽天良", "蝇头微利", "无所不包", "雷霆万钧", "一走了之", "自成一家"], "content": "近段时间,朋友们陆陆续续在后台咨询肖了不少项目,而在这其中,肖恩印象最深的是一个融合了公链、跨链、联盟链的项目,正是今天的主角GMPC;说实话,看完GMPC的项目简介,肖恩的第一感觉是“这该不会又是一个#idiom#,想要做大生态...", "answer": 3}
{"id": 1079, "candidates": ["坑绷拐骗", "衣不蔽体", "千钧一发", "未卜先知", "暮气沉沉", "鸡零狗碎", "斤斤计较"], "content": "在这#idiom#之际,顺德乐从道教村一治安队员当机立断,勇敢救下!目前小孩已无大碍。记者今日(7日)从佛山市顺德区乐从镇道教村委会获悉这一正能量事件。 00:11 4月3日上午11时34分,道教村休班治安队员张永新在家休息期间,看见溪头...", "answer": 2}
{"id": 12, "candidates": ["坚忍不拔", "大处着眼", "如花似玉", "走南闯北", "劳师动众", "宠辱不惊", "触目惊心"], "content": "#idiom#!赣江中游大型水库,曾淹没309个村子,12.94万人进行迁移,水利开发很重要,要介绍的这座水库位于万安县芙蓉镇,在1990年的时候正式开闸放水,但是在这背后是历经三十多年的建造工作,经历了大型的停工复工,遇到过各种问题,其中最...", "answer": 4}
{"id": 558, "candidates": ["同心协力", "积劳成疾", "旧事重提", "及时行乐", "半夜三更", "有钱有势", "暴风骤雨"], "content": "阮富仲在致辞中欢迎阮春福入住主席府,表示相信阮春福和武氏映春以高度责任精神、工作热心和实践工作经验将尽快把握新的工作,及时和有效做出指导,让主席府发挥团结精神,#idiom#实现改革创新,完成好各项任务。 ", "answer": 0}
{"id": 940, "candidates": ["飞蛾投火", "一语道破", "不寒而栗", "暴殄天物", "花容月貌", "孔孟之道", "不修边幅"], "content": "阿卜杜力的思想如此荒唐,深受极端思想蛊惑如此至深,更令人#idiom#的是,在新疆这个地方活跃着一些身居要职的“两面人”。 新疆政法委原副书记希尔扎提·巴吾东本就是其中一个,从反恐英雄摇身一变,成了位高权重的“两面人”。还自称要...", "answer": 2}
