{"id": 1403, "candidates": ["插科打诨", "无可救药", "闻风而至", "一呼百应", "疑难杂症", "萎靡不振", "真命天子"], "content": "再见c罗!皇马锋线找到#idiom#,c罗回归伯纳乌无望! 欧冠风云再起,英超哀兵欲复仇13冠霸主 皇马不能没有拉莫斯,就像巴萨不能没有梅西! 相关文章 再见阿扎尔!伯纳乌7号球衣找到新主人!皇马卖太子爷保王储值了  最强双六号坎特已归队,后防...", "answer": 6}
{"id": 1389, "candidates": ["后会有期", "兴高采烈", "汪洋大海", "惨澹经营", "洗耳恭听", "平铺直叙", "胡言乱语"], "content": "原标题:特斯拉股东状告马斯克:在推特上“#idiom#”导致投资人蒙受损失 作者:马渭淞 3月13日消息,特斯拉一位名为盖瑞亭的投资者在特拉华州起诉了特斯拉CEO马斯克及其董事会,称马斯克持续发送“内涵”推文,且特斯拉董事会未能控制马斯克的...", "answer": 6}
{"id": 1491, "candidates": ["党同伐异", "不可救药", "昂首挺胸", "前车之鉴", "说东道西", "人尽其才", "像模像样"], "content": "在电影《九条命》最新发布的海报中,鲜艳的红犹如鲜血一样的底色背景中,有九个神色各异、伤痕累累的川军,尽管身上挂彩,他们依然是#idiom#、互相扶持,坚定地伫立着。尽管看不清他们的样子,但是依然能够感受到他们捐躯赴国难,视死如归...", "answer": 2}
{"id": 885, "candidates": ["随声附和", "担惊受怕", "杀鸡取卵", "胆大心细", "正颜厉色", "豪情壮志", "语重心长"], "content": "“这20年来,我过得#idiom#,每天都是折磨。”靳某刚告诉民警,“一时冲动犯下的罪行,后悔都来不及,对不起死者,对不起死者的家人。” 靳某刚双膝跪下,在案发现场磕头痛哭。 目前,犯罪嫌疑人靳某刚已被依法采取刑事强制措施,等待他...", "answer": 1}
{"id": 1253, "candidates": ["出乎意料", "歪打正着", "任人唯亲", "断壁颓垣", "养家活口", "粉身碎骨", "悔之晚矣"], "content": "《山河令》剧本和班底都还挺扎实,想过会播得不错,但受到这样的喜爱还是#idiom#。 龚俊:我知道我唱歌不太好,但自我感觉还良好,我尽力了!关于唱功的代表作品可以参考歌曲《爱你芜湖》。 觉得自己像边牧:因为聪明!个人不排斥表情包之类...", "answer": 0}
{"id": 713, "candidates": ["七零八落", "否极泰来", "付之东流", "一分一毫", "拉帮结派", "开疆拓土", "时移世易"], "content": "许昕连输两局弃权不打了!东京混双夺金堪忧,几年培养或#idiom# 自动播放  腾讯视频 v.qq.com  免责声明:本文来自腾讯新闻客户端自媒体,不代表腾讯网的观点和立场。为你推荐 中国首例人体冷冻术:等待妻子复活的四年里,我感觉自己老...", "answer": 2}
{"id": 234, "candidates": ["你死我活", "销声匿迹", "出头露面", "一蹴而就", "夫唱妇随", "密锣紧鼓", "穷则思变"], "content": "10年期美债收益率因此将有望在2020年底升至2.0%水平,但此过程料将伴随曲折过程,不会#idiom# 重要提示文章部分内容及图片来源于网络,我们尊重作者版权,若有疑问可与我们联系。侵权及不实信息举报邮箱至:tousu@cngold.org...", "answer": 3}
{"id": 212, "candidates": ["因循守旧", "活蹦乱跳", "虎头蛇尾", "大材小用", "矫揉造作", "慷慨陈词", "一望而知"], "content": "其次,是影片中压抑到极致的故事。这一设定引起很多争议,有观众认为导演卖惨太过,完全就是#idiom#、无病呻吟。有观众则认为是现实生活中的写照,非常真实。 就点点个人来看,是比较赞同「是现实生活中写照」这一观点的。故事背景设定在...", "answer": 4}
{"id": 820, "candidates": ["打退堂鼓", "骇人听闻", "前因后果", "趋吉避凶", "平淡无奇", "片甲不回", "风平浪静"], "content": "因为有了追求,生活才不会变得#idiom#,当然,你所追求的事物可以是很多种类型,最重要的是你可以实现和拥有,这样才是最好的答案。 缺失的美感或许别有一番滋味,但在实现梦想的过程一样让人无怨无悔,凡事你曾努力付出过,这都是你最...", "answer": 4}
{"id": 1414, "candidates": ["怪声怪气", "风花雪月", "起早贪黑", "楚楚可怜", "热气腾腾", "家常茶饭", "重温旧梦"], "content": "中新社长春9月17日电 题:吉林不仅有“钢筋铁骨” 也有“#idiom#” 作者 李彦国 郭佳 石洪宇 地处中国东北的吉林省,诞生了新中国第一辆汽车,研制了中国标准动车组,这个重工业基地早已打上“钢筋铁骨”的硬核烙印。 但这不是吉林的...", "answer": 1}
{"id": 882, "candidates": ["博大精深", "上下一心", "行色匆匆", "周而复始", "乌合之众", "真刀真枪", "洗心革面"], "content": "原标题:《队伍教育整顿(三十六)| #idiom#“勇揭短” 诚心诚意“打补丁” 筑牢公平正义的执法生命线》 ", "answer": 5}
{"id": 1351, "candidates": ["鱼米之乡", "声泪俱下", "楚楚动人", "迎头痛击", "毫无二致", "不折不扣", "多情善感"], "content": "面对处罚,张某#idiom#地称,罚的并不冤,最怕因为自己的处罚留下案底对孩子造成不良影响,劝诫其他司机切勿心存侥幸心理。 高速交警提醒,套用他人信息伪造驾驶证,驾驶准驾车型不符车辆,因驾驶技术未符合规定,极容易引发事故,且损害了其他...", "answer": 1}
{"id": 740, "candidates": ["鸡犬升天", "神思恍惚", "令人发指", "闭门造车", "居高临下", "祸不单行", "养生丧死"], "content": "相比之下,原型的姐姐对于房子的处理冷血到#idiom#。 可知,原型姐姐的房子有一大一小两处,大的是爷爷留给她的,小的是父亲出轨时,母亲为了分割财产偷偷过户到其名下的。 面对年仅两岁,毫无倚仗的亲弟,她一个二十多岁,接受过高等教育...", "answer": 2}
{"id": 725, "candidates": ["据理力争", "精兵简政", "语焉不详", "不知所措", "言犹在耳", "一路顺风", "察颜观色"], "content": "现场的美方工作人员在要求记者离开时,当时只是要求中方记者离开。但是在中国代表团的#idiom#之下,现场所有中文媒体得以全程见证了大约1个半小时的开场致辞。 中美高层战略对话18日举行,在第一轮对话中,美国国务卿布林肯和国安顾问沙利文首...", "answer": 0}
{"id": 127, "candidates": ["造谣生事", "离经畔道", "真枪实弹", "卧薪尝胆", "自告奋勇", "恃才傲物", "出尔反尔"], "content": "2+2的跑车布局已然是最大的创新了,甚至相比古思特及幻影的后排更为尊贵,可以说“#idiom#”。如此独特的气质,恐怕也就只有魅影才可以拥有。(进店购车送万元礼包,改装套餐) 文章中仅仅只是车型简单介绍,咨询购车或了解更多详情和最新价格...", "answer": 1}
{"id": 1024, "candidates": ["人仰马翻", "短兵相接", "嘘寒问暖", "舞弄文墨", "骄奢淫逸", "明媒正娶", "若明若暗"], "content": "女子骑电动车#idiom#,掉进排水沟。 自动播放  腾讯视频 v.qq.com  免责声明:本文来自腾讯新闻客户端自媒体,不代表腾讯网的观点和立场。为你推荐 新疆官员:欧美借口“新疆人权”单边制裁,集体失法、失智 环球网 59分钟前 苏伊士...", "answer": 0}
{"id": 846, "candidates": ["大错特错", "化为乌有", "红颜薄命", "委曲求全", "富丽堂皇", "逢凶化吉", "初露锋芒"], "content": "王俊凯登杂志封面挑战日式发型少年#idiom#娱乐微小二2021-03-09 16:07:14 1/12王俊凯为时尚杂志拍摄的写真曝光,封面中的他,突破以往风格,首次尝试日系长发造型,身穿黑色剪裁西装,搭配金丝边眼镜,雅痞气质无比吸睛。0...", "answer": 6}
{"id": 574, "candidates": ["奋发图强", "气壮山河", "烟消云散", "危在旦夕", "鹿死谁手", "鞠躬尽瘁", "依依不舍"], "content": "导语:下个月,厄运#idiom#的3星座,将会再穷也能富,事业更有发展 水瓶座 水瓶座的人做什么事情都很用心,贵人特别兴旺,但是他们的智商和情商都很高,甚至可能收获意外之财,所以如果他们继续努力,他们能够在自己擅长的领域得到更多的资源...", "answer": 2}
{"id": 246, "candidates": ["挥金如土", "开宗明义", "罪魁祸首", "道貌岸然", "具体而微", "风华正茂", "独木难支"], "content": "导语:本期星座主题是4月上旬开始贵人鼎立相助,好运势来袭,生活#idiom#的3星座。 第一、狮子座 狮子座的人精力旺盛,善恶分明,忠厚率真热情,五行火,命理刚健,他们的生活中有一个后马明星,虽然他们的财富之路有挫折,但这也意味着好运...", "answer": 0}
{"id": 621, "candidates": ["足智多谋", "低眉顺眼", "问长问短", "嘘寒问暖", "语无伦次", "绣花枕头", "牵肠挂肚"], "content": "不过,要想变得#idiom#,要想自己能够成就一番事业的话,不是说来就来的,或者说任何一个出色的人,他们都得经历过不少的磨难,以及在经受住了一些挫折之后,才能真正成才成人,才能成为一个实力超群的人物,让自己的人生过得越来越顺当...", "answer": 0}
{"id": 1198, "candidates": ["情非得已", "见所未见", "杀身成仁", "鞠躬尽瘁", "痛哭流涕", "千叮万嘱", "急如星火"], "content": "常输生病,大姐#idiom#不放心,还不忘去猪场帮大妮干活 自动播放  腾讯视频 v.qq.com  免责声明:本文来自腾讯新闻客户端自媒体,不代表腾讯网的观点和立场。为你推荐 国家卫健委:昨日新增确诊32例 其中本土15例均在云南 国家卫生...", "answer": 5}
{"id": 583, "candidates": ["孤立无援", "不择手段", "知行合一", "反覆无常", "德才兼备", "立锥之地", "乱七八糟"], "content": "“#idiom#”常用来形容毫无秩序、乱糟糟的样子,其产生与古代两场政治大动乱有关。“乱七”指的是西汉初年的“七国之乱”,\"八糟”指的是晋朝的\"八王之乱”,都是皇权斗争激化的产物。 ", "answer": 6}
{"id": 227, "candidates": ["易如反掌", "浑然天成", "例行公事", "左思右想", "斩钉截铁", "高人一等", "高官厚禄"], "content": "尽管面对舆论的曝光,此次长安福特已公开致歉,但不少人认为,长安福特反思并不深刻,只不过是“#idiom#”罢了。至于其能否洗心革面、真正改变,并不乐观。毕竟,类似的场景多次发生在长安福特身上。早在2013年,就有消费者投诉,其购买的福...", "answer": 2}
{"id": 881, "candidates": ["屈指可数", "举案齐眉", "首善之地", "开门见山", "寂寂无闻", "步步为营", "同舟共济"], "content": "“奶牛博士”的“#idiom#” 一个出生于湖北恩施的孩子,却狂热地憧憬着去祖国边疆游历,期待着那种策马天涯的生活。今年36岁的“奶牛博士”曾波回想当年的热血沸腾,深感以农为业的缘分似乎天注定。", "answer": 5}
{"id": 1170, "candidates": ["明察秋毫", "一字一句", "杀身成仁", "入木三分", "平易近人", "各就各位", "君子好逑"], "content": "分享纳兰容若最深情的30句词,#idiom#,皆是浪漫。 1.一往情深深几许?深山夕照深秋雨。——《蝶恋花·出塞》 2.惆怅彩云飞,碧落知何许。不见合欢花,空倚相思树。——《生查子》 3.肠断月明红豆蔻,月似当时,人似当时否?——《...", "answer": 1}
{"id": 1321, "candidates": ["另眼相待", "显山露水", "家长里短", "珠光宝气", "三长两短", "数一数二", "绞尽脑汁"], "content": "总的来说,为了能够寻找到佩莱的接班人,郝伟真的是#idiom#了,竟然疯狂地给出了ABCDE五个计划,看来他面临的压力不小。值得一提的是,截止到现在,鲁能的球迷依旧不知道他们的新援是谁,因为郝伟也还没有给出确切的答案。但是,无论如...", "answer": 6}
{"id": 518, "candidates": ["下回分解", "星星点点", "片言只字", "蔚然成风", "神乎其神", "热火朝天", "欢欣鼓舞"], "content": "最近刚接触到茶叶烟,#idiom#的,您能科普一下吗?有1个回答陈德 1天前 0| 回复  之前已经有网友问过这个问题。关于茶烟可看下这篇https://mp.weixin.qq.com/s/MbO9Zc77EM7Pf4puPjyrEA更多关于控烟戒烟领域的专业科学问题,...", "answer": 4}
{"id": 936, "candidates": ["坐收渔利", "添枝接叶", "上行下效", "青面獠牙", "口服心服", "诲人不倦", "不伦不类"], "content": "在这个看脸的时代,人们开始越来越注重自己的外貌,但与此同时,所谓的流言蜚语也多了起来,而墨香家的儿子们也是其中的受害者之一,那为何要如此说呢?因为在世人眼中,他们的面貌可是非同一般的。 #idiom#花城主 首先是我们的三弟花城,...", "answer": 3}
{"id": 1366, "candidates": ["看家本领", "碍手碍脚", "冲口而出", "养尊处优", "不一而足", "战火纷飞", "独往独来"], "content": "健康、丰满,带着#idiom#气息的维纳斯,宛如出自世俗王侯公爵宅第的贵妇。盘绕于发际、手腕、耳际和指间的珠宝,精致脱俗,和深色镶金花边的长袍搭配甚好。 《照镜子的维纳斯》是提香七十八岁的作品。年近八十的老人即使像历史记载的那样...", "answer": 3}
{"id": 1328, "candidates": ["旁门左道", "面授机宜", "甚嚣尘上", "杳无音信", "小心谨慎", "运用自如", "返朴归真"], "content": "所以说,倘若你身边这种知心知己的闺蜜或朋友突然之间远离你而去,那么你就要自己反思一下了,是不是你的原因才造成的,同时你也要#idiom#一点,别再失去朋友或因此造成一些不好的影响。 3. 友好往来的亲戚 俗话说:\"亲戚来来往往,利人...", "answer": 4}
{"id": 1032, "candidates": ["狼狈为奸", "零敲碎打", "表里如一", "循序渐进", "姗姗来迟", "不置可否", "一拍即合"], "content": "以我市涌现出的全国道德模范“信义奶奶”窦兰英、“全国最美抗疫志愿者”屈玲玉等为榜样,带动文明新风滋润张掖大地,引领公民思想道德建设走深走实,促进社会文明程度全面提升,努力把张掖建设成为“形神兼备、体健魂正、#idiom#、名实...", "answer": 2}
{"id": 757, "candidates": ["查无实据", "血口喷人", "有名无实", "目不转睛", "散兵游勇", "斗志昂扬", "奉公如法"], "content": "李连杰带女儿做公益,与马云同席#idiom# 日前功夫巨星李连杰带着和利智所生的大女儿Jane现身某公益颁奖礼的现场,该活动也是由马云等商界精英发起。在李连杰和马云的带动下,大家都对这次的活动格外关注。不过大多数网友还是不免要被19岁...", "answer": 3}
{"id": 1492, "candidates": ["榜上无名", "孤掌难鸣", "祸不单行", "万家灯火", "半斤八两", "蠢蠢欲动", "长此以往"], "content": "骗子们也正#idiom# 伺机埋伏 等待你们中招 01 冒充客服称订单异常 小张在网上购买了衣服,快递还没收到她却接到“客服”的电话,对方在电话中称该商品甲醛超标,可以申请退款,此外还会获得三倍赔偿。小张信以为真,按照“客服”的指引,在...", "answer": 5}
{"id": 1010, "candidates": ["进退两难", "功败垂成", "因地制宜", "投石问路", "土生土长", "屏声敛息", "学富五车"], "content": "他经过长期潜心研究,认为“靠山吼”起源于明嘉靖年间(公元1542年前后),形成于明万历年间(公元1600年前后),是豫西山区#idiom#的古老戏曲声腔体系,距今已有400多年历史。 “‘靠山吼’萌生之初,没有弦乐伴奏,只有马蹄号和排鼓、大...", "answer": 4}
{"id": 503, "candidates": ["子虚乌有", "量体裁衣", "艰苦朴素", "望文生义", "老弱残兵", "泰然处之", "尊师重道"], "content": "这里试以词语翻译为例,略举数例以明之:首先必须承认,#idiom#,亦有偶尔译中者。例如:“海牛”译“sea cow”(亦作“manatee”)“海百合”“sea lily”“海蛇”译“sea snake”“海星”译“sea star”“海草(藻)”译“sea ...", "answer": 3}
{"id": 38, "candidates": ["屏声敛息", "如临大敌", "游手好闲", "无所不包", "才子佳人", "沽名钓誉", "捉衿见肘"], "content": "今天早上在看视频的时候,偶然之间看到了这个新闻:某地的一个网红为了拍段子,在大街上给了老人500元钱,可是这个网红拍完段子以后,竟然又从老人的手中把这500元钱要了回去,这样#idiom#的网红,实在是让人恶心。 本来嘛,生而为人,...", "answer": 5}
{"id": 1386, "candidates": ["竭泽而渔", "笑容可掬", "吃里爬外", "不成体统", "狼心狗肺", "芸芸众生", "百步穿杨"], "content": "这是一名好的狙击手 必须要牢牢记住的理论知识 再通过后期的各种环境下的训练 才能够练就#idiom# 百发百中的精湛射击技能 集训刚开始 一堂精彩绝伦的理论课程就正式开讲 教员们首先讲解了狙击步枪的性能 同时,根据不同的天气条件 不同...", "answer": 6}
{"id": 149, "candidates": ["万马奔腾", "徇私舞弊", "地老天荒", "振聋发聩", "无稽之言", "虾兵蟹将", "晕头转向"], "content": "不见之行,不闻之谋,君子慎之。 283、#idiom#,不见之行,不闻之谋,君子慎之。(《荀子·正名篇》) 【译文】没有根据的话,没见人做过的事,没听人说过的谋略,君子一定要慎重地对待。", "answer": 4}
{"id": 693, "candidates": ["堂而皇之", "人才辈出", "条分缕析", "无拘无束", "引狼入室", "游手好闲", "坐失机宜"], "content": "文/戴先任因“#idiom#”,云南省镇雄县杉树乡海子村父子周仔松、周顺宝,被村委会列入“黑名单”予以曝光。被曝光的村民周仔松告诉红星新闻,去年8月,他从浙江打工回来送父亲去医院,才知道自己和儿子被村委会列入“黑名单”曝光,“说我...", "answer": 5}
{"id": 1108, "candidates": ["顺手牵羊", "投机取巧", "所作所为", "私心杂念", "沙里淘金", "显山露水", "老骥伏枥"], "content": "如何从容地应对各种冲突和矛盾,如何在两难困境中果断地决策和取舍,如何长期抵御住私欲的诱惑和干扰?唯有彻底抛弃一切#idiom#,否则无法正确平衡各方面的关系。这是我担任总裁的资格底线,这也是我们担任公司高级干部的资格底线。", "answer": 3}
{"id": 195, "candidates": ["触景伤情", "蒸蒸日上", "荡然无存", "破釜沈舟", "无影无踪", "痛哭流涕", "扬眉吐气"], "content": "导语:半个月后,日子#idiom#的3星座,将会名声大噪,一富到明年 射手座 射手座的人他们知道没有什么是不能够通过努力与奋进改变的,所以他们的工作难免会出现一些失误,家庭事业双丰收,总能很好地把环境和现状结合起来,有探索真理的潜力...", "answer": 1}
{"id": 94, "candidates": ["波澜壮阔", "遍地开花", "微乎其微", "神不守舍", "闭门造车", "无所不知", "无所不有"], "content": "百年征程#idiom# 重温党史砥砺前行 我志愿加入中国共产党,拥护党的纲领,遵守党的章程,履行党员义务……”3月25日,区政府办党支部利用中午休息时间走进红色教育基地---八路军驻洛办事处纪念馆重温入党誓词,实地参观革命烈士的英雄事迹和...", "answer": 0}
