{"id": 24, "candidates": ["造谣生事", "谨小慎微", "难言之隐", "急功近利", "欢天喜地", "自成一格", "万人空巷"], "content": "大部分的大功告成都是由无数个#idiom#累积而来,做好每一件应该做好的小事绝不是一件小事。 《你好李焕英》主要讲了贾玲意外穿越到了母亲年轻的时候,和母亲一起感受了她的生活和情感。这故事是根据贾玲的亲生经历改编而来, ...", "answer": 1}
{"id": 121, "candidates": ["昏头转向", "兴致勃勃", "一呼百应", "专横跋扈", "初露锋芒", "一笔抹煞", "双宿双飞"], "content": "大胆!客车司机双手脱离方向盘,手机“买马”#idiom#,严惩不贷 自动播放  腾讯视频 v.qq.com  免责声明:本文来自腾讯新闻客户端自媒体,不代表腾讯网的观点和立场。为你推荐 台铁事发地事故前7分钟画面曝光:工程车仍在坡上疑似车门没...", "answer": 1}
{"id": 127, "candidates": ["造谣生事", "离经畔道", "真枪实弹", "卧薪尝胆", "自告奋勇", "恃才傲物", "出尔反尔"], "content": "2+2的跑车布局已然是最大的创新了,甚至相比古思特及幻影的后排更为尊贵,可以说“#idiom#”。如此独特的气质,恐怕也就只有魅影才可以拥有。(进店购车送万元礼包,改装套餐) 文章中仅仅只是车型简单介绍,咨询购车或了解更多详情和最新价格...", "answer": 1}
{"id": 195, "candidates": ["触景伤情", "蒸蒸日上", "荡然无存", "破釜沈舟", "无影无踪", "痛哭流涕", "扬眉吐气"], "content": "导语:半个月后,日子#idiom#的3星座,将会名声大噪,一富到明年 射手座 射手座的人他们知道没有什么是不能够通过努力与奋进改变的,所以他们的工作难免会出现一些失误,家庭事业双丰收,总能很好地把环境和现状结合起来,有探索真理的潜力...", "answer": 1}
{"id": 206, "candidates": ["义愤填胸", "苦心孤诣", "三更半夜", "稳操胜券", "无坚不摧", "天上人间", "纵横交错"], "content": "#idiom#讲奉献 凝聚人心造合力 作为十三监区的党支部书记,什么是第一要务?要确保安全稳定,要提升劳动改造效果,要创新教育方式方法,要做好防疫工作,要……面对一连串的“要”,如何避免手足无措、晕头转向,秦书记的办法就是抓住“牛鼻...", "answer": 1}
{"id": 242, "candidates": ["风云人物", "气势汹汹", "予取予求", "乘龙佳婿", "正中下怀", "天方夜谭", "心如刀割"], "content": "据俄罗斯卫星通讯社3月15日报道,新八国联军#idiom#逼近附近海域,但是军舰却遭岸舰导弹锁定,英承认今非昔比。 最近一段时间,北约多个国家开始频繁进行军事演习,来对其他国家进行威慑。3月12日当天,英国出动了兰开斯特号、威斯敏斯特号...", "answer": 1}
{"id": 270, "candidates": ["以怨报德", "流言蜚语", "渔人之利", "匠心独具", "驷马难追", "见缝插针", "遥遥无期"], "content": "总而言之,当实力达到一定程度,哪怕再多的#idiom#也不会造成丝毫的影响,而长安UNI-K就是这种情况,其硬核实力不止有让它面对各种困难的底气,也让它有成为同价位最强者的底气。至少对于预算20万以内的消费者来说,长安UNI-K真香。 举...", "answer": 1}
{"id": 357, "candidates": ["人面兽心", "鼎鼎大名", "风驰电掣", "熙来攘往", "肃然起敬", "汹涌澎湃", "争风吃醋"], "content": "古时#idiom#的“契丹族”,是如今的什么民族?你可能想不到 中国自古以来便是一个多民族国家,特别是在宋朝,辽国、西夏、金国等少数民族先后崛起,而在这些民族中,契丹的影响力是比较大的,最鼎盛时占据了半壁江山。北宋才建立时,军力还...", "answer": 1}
{"id": 482, "candidates": ["成年累月", "举重若轻", "千回百转", "归根结蒂", "多此一举", "三年五载", "标新立异"], "content": "工业互联网“咖”解:工业互联网价值凸显,APaaS平台#idiom#,在新一轮科技革命和产业变革之时,工业互联网已经成为工业创新转型的重要依托。2016年2月1日由工业、信息通信业、互联网等领域百余家单位共同发起成立了工业互联网产业联盟(...", "answer": 1}
{"id": 535, "candidates": ["狗尾续貂", "明察秋毫", "无中生有", "慷慨激昂", "死皮赖脸", "指手划脚", "群龙无首"], "content": "许敏请愿:“恳请#idiom#,查明当年偷换真相”,众多网友接力 文/谈情说李 \"偷换” “错换人生28年”真正的内幕到底什么时候才能大白于天下?广大网友已经迫不及待想知道答案。 姚策已经离去,但是在他的身后,关于错换人生的讨论依然没有...", "answer": 1}
{"id": 542, "candidates": ["百花齐放", "卷土重来", "富商大贾", "妄自尊大", "专心一意", "另眼相看", "死皮赖脸"], "content": "武汉“茶水盘”#idiom#? 近日,【越乔】发现,武汉楼市“销声匿迹”许久的“茶水费”再次浮现,引发网友在武汉城市留言板上质疑和投诉。 【越乔】截图自武汉城市留言板 其中,有一位外地留汉大学生反应:听说现在光谷东炒房炒的很厉害,...", "answer": 1}
{"id": 625, "candidates": ["徒子徒孙", "音容笑貌", "一嚬一笑", "相提而论", "负隅顽抗", "反客为主", "阳春白雪"], "content": "如今提及方言,人们最常用的关键词是:消逝与保护。随着城镇化进程的加速,方言流逝、乡音渐远是不少地区共同面临的窘境,海南也不例外。多年来,社会各界的有识之士纷纷提出建议,希望能留住海南方言的“#idiom#”。 ", "answer": 1}
{"id": 703, "candidates": ["夺眶而出", "劳民伤财", "吹毛求疵", "箭在弦上", "一锤定音", "犯上作乱", "一团漆黑"], "content": "不仅愚蠢,重则#idiom#,轻则伤心伤感情,打击自己对生活的热情。 其实,刷存在感最致命的一个死结,基本是无解的,就是他人的眼光,但凡人家不鸟这些刷存在感的人和事,就无计可施了。 再说,自己表演半天,不浪费时间吗? 有时候,为此...", "answer": 1}
{"id": 731, "candidates": ["猝不及防", "声嘶力竭", "后顾之忧", "先知先觉", "谆谆告戒", "鱼与熊掌", "麻痹大意"], "content": "军方#idiom#控诉俄罗斯,这些苏-30SM战斗机压根就没有配备导弹,所以根本无法配合前线作战,更别提打赢战争了。 专家表示,39年前悲剧再次上演,俄罗斯葫芦里到底卖的什么药?宁愿把苏-30SM变成废铁,都不出面阻止战争。事实上俄罗斯此举就...", "answer": 1}
{"id": 813, "candidates": ["斩尽杀绝", "丧心病狂", "卖身投靠", "拖泥带水", "各取所需", "面如土色", "百思不解"], "content": "美国边境出现#idiom#一幕!小女孩被扔进美国,俄罗斯强烈谴责 新观点国际 发布时间: 04-0217:55郑州广电官方帐号 据福克斯新闻4月1日报道,美国海关与边境保护局 周三发布了一段录像,录像显示两名移民走私者将两名小女孩从一道14英尺高的...", "answer": 1}
{"id": 849, "candidates": ["离经畔道", "引吭高歌", "山珍海错", "才貌双全", "并驾齐驱", "林林总总", "无米之炊"], "content": "让我们闭上双眼,用影视剧的脑袋,想象一下:整个奥运场馆很空旷,李鸿章独自在#idiom#——唱着被中国精英阶层非常看不起的黄梅小调,而且还是满脸严肃地、一本正经地、两眼泪痕地唱着—— 又是一季清风扬,轻轻忆起好时光。季季柔情总难忘...", "answer": 1}
{"id": 858, "candidates": ["摧枯拉朽", "添油加醋", "大逆无道", "铺天盖地", "另眼相待", "生生世世", "别有洞天"], "content": "粉红色的盐,即便“颜值”高、品质好,但也还是盐,如果营销#idiom#,就变味了。来源 北京晚报 | 记者 李嘉编辑 李嘉流程编辑 刘伟利", "answer": 1}
{"id": 865, "candidates": ["一帆风顺", "成群结队", "没头没脑", "救死扶伤", "一拍即合", "坐立不安", "奴颜婢膝"], "content": "#idiom#的游客全部去挖笋,可见是有市场需求的,面对游客这样的想法,旅游村的村民完全可以将此化为盈利的点,让这些人不仅付费还要付出劳动才能真真体验挖笋的辛苦,就像钓鱼一样,钓的鱼那是要花钱买走的。 举报/反馈 发表评论 发表  作...", "answer": 1}
{"id": 885, "candidates": ["随声附和", "担惊受怕", "杀鸡取卵", "胆大心细", "正颜厉色", "豪情壮志", "语重心长"], "content": "“这20年来,我过得#idiom#,每天都是折磨。”靳某刚告诉民警,“一时冲动犯下的罪行,后悔都来不及,对不起死者,对不起死者的家人。” 靳某刚双膝跪下,在案发现场磕头痛哭。 目前,犯罪嫌疑人靳某刚已被依法采取刑事强制措施,等待他...", "answer": 1}
{"id": 933, "candidates": ["心照不宣", "争先恐后", "风华正茂", "汗马功劳", "风餐露宿", "微言大义", "小心翼翼"], "content": "人,开始总是#idiom#的长大,后来又在不知不觉中渐渐老去。我的叔叔和舅舅他们在儿时就是玩伴,后来因为我父母的结合又成为了亲戚,每回他们坐在一起端起了酒杯,总是有着谈不完的话题。 他们的话题,从儿时的童趣、成长的记忆以及一些...", "answer": 1}
{"id": 1012, "candidates": ["逆水行舟", "言之凿凿", "得过且过", "千方百计", "按兵不动", "五颜六色", "反躬自问"], "content": "宁夏一女网红散布疫情谣言,#idiom#。,1月9日,快手某主播在“快手”直播间直播过程中向他人散布“红寺堡疫情严重了,红寺堡月底就封城呢”的谣言,公安机关立即就其所发的不实言论进行了查处。经公安机关核查,该主播杨某在“快手”直播...", "answer": 1}
{"id": 1015, "candidates": ["待人接物", "不成体统", "剑拔弩张", "走南闯北", "花红柳绿", "探头探脑", "鱼与熊掌"], "content": "大宋宫词:皇帝御驾亲征,宫内乱的#idiom#! 自动播放  腾讯视频 v.qq.com  免责声明:本文来自腾讯新闻客户端自媒体,不代表腾讯网的观点和立场。为你推荐 侠客岛:“抵制新疆棉花”,一场设计了一年多的阴谋 侠客岛 15分钟前 在“...", "answer": 1}
{"id": 1170, "candidates": ["明察秋毫", "一字一句", "杀身成仁", "入木三分", "平易近人", "各就各位", "君子好逑"], "content": "分享纳兰容若最深情的30句词,#idiom#,皆是浪漫。 1.一往情深深几许?深山夕照深秋雨。——《蝶恋花·出塞》 2.惆怅彩云飞,碧落知何许。不见合欢花,空倚相思树。——《生查子》 3.肠断月明红豆蔻,月似当时,人似当时否?——《...", "answer": 1}
{"id": 1286, "candidates": ["伤天害理", "长命百岁", "郎才女貌", "披荆斩棘", "富可敌国", "男女有别", "驷马难追"], "content": "而今天给大家介绍的就是一种寓意非常好的花朵—长寿花,顾名思义听着名字就可以看出这朵花寓意着#idiom#、福寿吉祥,特别适合送给家里的长辈。 现在正好又是长寿花的花期,长寿花的花期很长,大约有2到3个月的时间。而且长寿花用来扦插...", "answer": 1}
{"id": 1340, "candidates": ["天网恢恢", "郑重其事", "有钱有势", "滔滔不竭", "冷言冷语", "一蹶不振", "防不胜防"], "content": "太二这一波制造惊喜的“宠粉”活动做得这么用心,难怪粉丝在开业现场这么激动。 现场的观众纷纷表示:嫉妒地想哭! 今年最#idiom#的“宠粉狂魔”,真的非太二酸菜鱼莫属!", "answer": 1}
{"id": 1351, "candidates": ["鱼米之乡", "声泪俱下", "楚楚动人", "迎头痛击", "毫无二致", "不折不扣", "多情善感"], "content": "面对处罚,张某#idiom#地称,罚的并不冤,最怕因为自己的处罚留下案底对孩子造成不良影响,劝诫其他司机切勿心存侥幸心理。 高速交警提醒,套用他人信息伪造驾驶证,驾驶准驾车型不符车辆,因驾驶技术未符合规定,极容易引发事故,且损害了其他...", "answer": 1}
{"id": 1414, "candidates": ["怪声怪气", "风花雪月", "起早贪黑", "楚楚可怜", "热气腾腾", "家常茶饭", "重温旧梦"], "content": "中新社长春9月17日电 题:吉林不仅有“钢筋铁骨” 也有“#idiom#” 作者 李彦国 郭佳 石洪宇 地处中国东北的吉林省,诞生了新中国第一辆汽车,研制了中国标准动车组,这个重工业基地早已打上“钢筋铁骨”的硬核烙印。 但这不是吉林的...", "answer": 1}
{"id": 1421, "candidates": ["巧言令色", "措手不及", "风流人物", "八仙过海", "平铺直叙", "草木皆兵", "言行一致"], "content": "当广州憾负北控,郭士强黯然退场那一刻,CBA季后赛悬念仿佛一下就消失了,可万万没想到,就在时隔1天后,北控外援约瑟夫-杨因个人裁决案(拖欠上一家经纪公司的费用),导致被禁赛,打了马布里一个#idiom#,加上郭士强带领广州神奇逆转天津,让...", "answer": 1}
{"id": 1436, "candidates": ["正中下怀", "忧心忡忡", "纵横驰骋", "所见所闻", "一模一样", "面目一新", "为非作歹"], "content": "当看到中小学义务教育有可能延长一年的消息,让很多家长开始#idiom#。 网上有的教育专家也纷纷发文表示:倘若义务教育去延长,给很多家庭带来的压力会很大。 就如上面所提及的,原本现在教育历程走完大学结束,孩子都要24岁了,再延长下去,岂...", "answer": 1}
{"id": 1464, "candidates": ["大显神通", "日日夜夜", "少不更事", "有口难言", "所向披靡", "饱经风霜", "天府之国"], "content": "穿越寒冬,英雄之城在两江交汇之地傲然挺立,在春风中焕发新的风采。 春暖花开,山河无恙。这个春天,来得极其不易。难以忘记,新冠肺炎疫情突袭之际,“隔一座城,护一国人”,76个#idiom#,见证了武汉人民的顽强与坚韧、付出与牺牲。向险...", "answer": 1}
{"id": 13, "candidates": ["世外桃源", "实至名归", "生生世世", "供不应求", "终身大事", "崭露头角", "以理服人"], "content": "台湾两大外银今公布第二季经济预测,渣打银行上调今年台湾GDP成长率预估至4.4%;星展银行则从原本预估的4.2%上修至5%,主要皆认为今年上半年省内出口强劲、半导体产业#idiom#,加上全球景气强劲复苏,可望带动台湾今年经济成长动能。 渣打集团...", "answer": 3}
{"id": 27, "candidates": ["因噎废食", "大人先生", "大动肝火", "简明扼要", "酒酣耳热", "乐此不疲", "社会贤达"], "content": "这一段话#idiom#地阐明了这部小说的主题。这部小说从头到尾都在描写与渲染着忧郁、苦闷和性…… 郁达夫是个才子,多愁善感,他的散文无一例外是“自我的表现”,而且是“自叙传”式的自我表现,是最为坦诚、露骨的自我表现。在郁达夫看...", "answer": 3}
{"id": 42, "candidates": ["异想天开", "时移世易", "半生半熟", "言之凿凿", "大有可为", "喧宾夺主", "焕然一新"], "content": "1997年上映的电影《宋家王朝》中,影星杨紫琼,张曼玉,邬君梅,分别扮演宋霭龄,宋庆龄,宋美龄,其片头语“遥远的旧中国有三姐妹,一个爱钱,一个爱国,一个爱权”不胫而走,却也#idiom#,成为对宋氏三姐妹的总体评价。图中是《宋家王朝》的...", "answer": 3}
{"id": 52, "candidates": ["雄材大略", "人间地狱", "喜从天降", "风声鹤唳", "良莠不齐", "望尘莫及", "身怀六甲"], "content": "经历了#idiom#的年代后,他们在日常闲聊时,会经常提醒家里人“不要往外瞎说。”现在看来,姥爷可以称得上幸运。他在1945年出生于河北省一个农村,家中有兄弟姐妹四人,他是老大,下面有一个弟弟与两个妹妹。由于贫穷,两个妹妹都没能上...", "answer": 3}
{"id": 60, "candidates": ["照本宣科", "根深蒂固", "气势汹汹", "坐享其成", "心中有数", "怒不可遏", "铁面无私"], "content": "明明就是为了对抗女王的声明,推翻自己离开的决定,这么打脸的话也可以说得如此清新脱俗,也只有梅根可以做到了。当然,梅根放哈里冲锋上阵,只要和王室对抗成功,她这个幕后军师就可以#idiom#了。", "answer": 3}
{"id": 120, "candidates": ["人老珠黄", "名不虚传", "开诚布公", "不堪回首", "无所顾忌", "淡而无味", "出生入死"], "content": "往事#idiom# 16岁的乐乐(化名)已有4年烟龄,他告诉记者,上高中才一个月就被爸爸送来。爸爸在外地经商,每天留给他100元零花钱,由妈妈供给。他习以为常,拿钱就走,一天一包烟,结交一帮社会青年,上网吧、下酒馆、泡歌厅,旷课不去学...", "answer": 3}
{"id": 177, "candidates": ["如此而已", "风流韵事", "志同道合", "息事宁人", "贪赃枉法", "诚心诚意", "东拼西凑"], "content": "周某斌过来看到这一幕后,佯装不知情,本着为周某着想,扮演起“和事佬”的角色,一边安抚曲某和曲某的哥哥,一边提议让周某花钱#idiom#。慌不择路的周某最终只好答应拿出15000元人民币来了解此事。 ", "answer": 3}
{"id": 234, "candidates": ["你死我活", "销声匿迹", "出头露面", "一蹴而就", "夫唱妇随", "密锣紧鼓", "穷则思变"], "content": "10年期美债收益率因此将有望在2020年底升至2.0%水平,但此过程料将伴随曲折过程,不会#idiom# 重要提示文章部分内容及图片来源于网络,我们尊重作者版权,若有疑问可与我们联系。侵权及不实信息举报邮箱至:tousu@cngold.org...", "answer": 3}
{"id": 320, "candidates": ["大言不惭", "有恃无恐", "高风峻节", "高瞻远瞩", "一字一句", "鹤立鸡群", "过街老鼠"], "content": "顺境时居安思危,逆境时#idiom#,哪怕历经波折,内心依然波澜不惊。 那些鼠目寸光的人,为了一点蝇头小利争得头破血流,困惑于功名利禄之中,整日尔虞我诈,把自己活成了粗鄙的市井小人,一辈子碌碌无为。 而深谋远虑的人,总能够掠过...", "answer": 3}
{"id": 447, "candidates": ["赌咒发誓", "孔武有力", "品头题足", "自投罗网", "百年不遇", "高抬贵手", "铤而走险"], "content": "原标题:《来法院咨询问题,结果“#idiom#”了!》 特别声明 本文为澎湃号作者或机构在澎湃新闻上传并发布,仅代表该作者或机构观点,不代表澎湃新闻的观点或立场,澎湃新闻仅提供信息发布平台。申请澎湃号请用电脑访问http://renzheng.thepa...", "answer": 3}
{"id": 503, "candidates": ["子虚乌有", "量体裁衣", "艰苦朴素", "望文生义", "老弱残兵", "泰然处之", "尊师重道"], "content": "这里试以词语翻译为例,略举数例以明之:首先必须承认,#idiom#,亦有偶尔译中者。例如:“海牛”译“sea cow”(亦作“manatee”)“海百合”“sea lily”“海蛇”译“sea snake”“海星”译“sea star”“海草(藻)”译“sea ...", "answer": 3}
{"id": 546, "candidates": ["忘恩负义", "再三再四", "招蜂引蝶", "鸦雀无声", "似曾相识", "歪打正着", "屏声敛息"], "content": "会场上#idiom#,空气都几乎凝固。 邓小平接着说:“同志们都很明白,红七军主力撤出苏区之后,这里的斗争会更加艰巨、复杂。主力走后,根据地革命重担就会完全落在你们肩下。滇军退过之后,接踵而来的是桂系军队的大规模反扑。形势虽然严峻。", "answer": 3}
{"id": 562, "candidates": ["临阵脱逃", "捉衿见肘", "杯盘狼藉", "情窦初开", "摩拳擦掌", "低三下四", "相安无事"], "content": "#idiom#的代价 孙璐瑶伤心地跪在妈妈面前,把事情的始末都一一讲了出来。原来这段感情开始于半年前班级组织的结对帮扶。孙璐瑶由此结识了她的早恋对象林伟。林伟是一个身世可怜的孩子,父亲母亲离婚后便由外公外婆一手带大。孙璐瑶觉得他...", "answer": 3}
{"id": 623, "candidates": ["艰苦卓绝", "刨根问底", "大惊小怪", "各自为政", "跋山涉水", "常年累月", "腹背受敌"], "content": "公办、民办学校不再“#idiom#”,而是共同纳入同一个教育集团融合发展,这一创新举措在四川天府新区得以实现。3月29日,天府师大一中教育集团成立大会举行,该集团引领学校为天府师大一中,成员学校包括白沙中学、新兴中学、天府六小、白沙小学...", "answer": 3}
{"id": 729, "candidates": ["男女老幼", "自然而然", "一如既往", "饿虎扑食", "借尸还魂", "不谋而合", "心明眼亮"], "content": "对比在镜头前的“仙女吃饭”,私底下的鞠婧祎在吃饭时完全就像是#idiom#,两者之间有着巨大的反差。对此,网友们都忍不住好奇:鞠婧祎不累吗?平时演影视作品需要演也就算了,在镜头上也要装“仙女”不嫌累吗? ", "answer": 3}
{"id": 757, "candidates": ["查无实据", "血口喷人", "有名无实", "目不转睛", "散兵游勇", "斗志昂扬", "奉公如法"], "content": "李连杰带女儿做公益,与马云同席#idiom# 日前功夫巨星李连杰带着和利智所生的大女儿Jane现身某公益颁奖礼的现场,该活动也是由马云等商界精英发起。在李连杰和马云的带动下,大家都对这次的活动格外关注。不过大多数网友还是不免要被19岁...", "answer": 3}
{"id": 761, "candidates": ["娇声娇气", "大同小异", "无所不能", "无所事事", "改过自新", "人心惶惶", "八面威风"], "content": "如果一个人#idiom#,大家冒出来的第一反应,这个人太懒了,一点儿都不独立。要不是父母帮忙操持着,根本就活不下去。大家只看到了这个人不上进,基本没有生活自立能力,就像一个寄生虫一样,依靠着父母。但真实原因只有这么简单吗? ", "answer": 3}
{"id": 791, "candidates": ["开路先锋", "开宗明义", "从头至尾", "魂飞魄散", "颠扑不破", "曾几何时", "拒人千里"], "content": "今天小编给大家推荐:开始时,想尽手段,让她#idiom#;结束时,用尽办法,愿她功德圆满第一本:《春日宴》作者:白鹭成双简介:养面首、戏重臣!嚣张跋扈、祸害朝野长达八年的丹阳长公主李怀玉薨了,薨在新皇登基这一天,七窍流血、死状极...", "answer": 3}
{"id": 936, "candidates": ["坐收渔利", "添枝接叶", "上行下效", "青面獠牙", "口服心服", "诲人不倦", "不伦不类"], "content": "在这个看脸的时代,人们开始越来越注重自己的外貌,但与此同时,所谓的流言蜚语也多了起来,而墨香家的儿子们也是其中的受害者之一,那为何要如此说呢?因为在世人眼中,他们的面貌可是非同一般的。 #idiom#花城主 首先是我们的三弟花城,...", "answer": 3}
{"id": 963, "candidates": ["高不可攀", "忍俊不禁", "百无一用", "头破血流", "词不达意", "养生丧死", "百废待兴"], "content": "【惊悚】驾车脱衣两不误,结果方向失控碰撞护栏,儿子#idiom# 清明一到春回大地,精神气爽,到处是春光明媚,草木萌动的景象。很多人都想趁小长假出去放松一下,有这么一对小夫妻带着孩子也加入了踏青队伍,但是还没出银川南大门,便发生了...", "answer": 3}
{"id": 1009, "candidates": ["自暴自弃", "世态炎凉", "不亢不卑", "披头散发", "未老先衰", "拔刀相向", "四大皆空"], "content": "我发现其实很多姐妹都是这样,觉得自己脸型五官不完美就得天天#idiom#,以为这样把我们脸部的缺点全遮住就是最显脸小的方法非也非也。相反有些“问题”脸型,扎发会明显比披发显脸小好看很多。不信?!今天本七就开课,跟大家展开说说有...", "answer": 3}
{"id": 1071, "candidates": ["月黑风高", "千姿百态", "妄自菲薄", "图财害命", "百依百随", "雾里看花", "若隐若现"], "content": "糖尿病会“#idiom#”,医生提醒要早点预防 自动播放  腾讯视频 v.qq.com  免责声明:本文来自腾讯新闻客户端自媒体,不代表腾讯网的观点和立场。为你推荐 西安大唐不夜城清明游客爆满,游客:确实漂亮,感觉有点穿越 漩涡视频 3小时前 台...", "answer": 3}
{"id": 1108, "candidates": ["顺手牵羊", "投机取巧", "所作所为", "私心杂念", "沙里淘金", "显山露水", "老骥伏枥"], "content": "如何从容地应对各种冲突和矛盾,如何在两难困境中果断地决策和取舍,如何长期抵御住私欲的诱惑和干扰?唯有彻底抛弃一切#idiom#,否则无法正确平衡各方面的关系。这是我担任总裁的资格底线,这也是我们担任公司高级干部的资格底线。", "answer": 3}
{"id": 1237, "candidates": ["如数家珍", "遥遥无期", "危如累卵", "不期而会", "奇装异服", "七零八落", "不共戴天"], "content": "S22赛季黄忠大招双抗增加,适时正赶上牛魔被动调整,两者的#idiom#,让“免伤坦克流”黄忠昙花一现,弱化+不详+牛魔双抗+黄忠大招双抗,黄忠可谓真正的射坦,但仅仅一个星期左右纷纷消失,面对版本诸多灵活强势的英雄,黄忠想原地站撸还是有...", "answer": 3}
{"id": 1366, "candidates": ["看家本领", "碍手碍脚", "冲口而出", "养尊处优", "不一而足", "战火纷飞", "独往独来"], "content": "健康、丰满,带着#idiom#气息的维纳斯,宛如出自世俗王侯公爵宅第的贵妇。盘绕于发际、手腕、耳际和指间的珠宝,精致脱俗,和深色镶金花边的长袍搭配甚好。 《照镜子的维纳斯》是提香七十八岁的作品。年近八十的老人即使像历史记载的那样...", "answer": 3}
{"id": 1367, "candidates": ["家长里短", "大红大绿", "独立王国", "无微不至", "借题发挥", "男欢女爱", "耿耿於怀"], "content": "男女之间的事情谁也说不好,因为对于感情这种事情来讲,每个人都会有自己不同的一些处理方式,有一种观点认为在感情当中,双方就应该无私地去付出,尤其是男人作为主动的一个群体,对女性朋友们的照顾,更应该是#idiom#,在照顾的过程当中,...", "answer": 3}
{"id": 1480, "candidates": ["戴高帽子", "苛捐杂税", "力不胜任", "自强不息", "爱憎分明", "行云流水", "各个击破"], "content": "她就是获得梅州市第五届“#idiom#好少年”的五华县梓皋学校学生范英红。 说是“厨房洗碗盆”,实则由一把木质凳子和一个早已洗得泛白的面盆简单搭放而成,由于凳子矮,她不得不长时间保持弯腰状态刷洗碗筷。趁着她埋头做家务的空当,...", "answer": 3}
{"id": 1482, "candidates": ["小题大做", "丧尽天良", "蝇头微利", "无所不包", "雷霆万钧", "一走了之", "自成一家"], "content": "近段时间,朋友们陆陆续续在后台咨询肖了不少项目,而在这其中,肖恩印象最深的是一个融合了公链、跨链、联盟链的项目,正是今天的主角GMPC;说实话,看完GMPC的项目简介,肖恩的第一感觉是“这该不会又是一个#idiom#,想要做大生态...", "answer": 3}
{"id": 1496, "candidates": ["投机倒把", "祸国殃民", "海誓山盟", "气急败坏", "金石为开", "心神不定", "温故知新"], "content": "澳洲最近的一系列行动表明,莫里斯政府恐怕坐不住了,中方连续数月的外交冷漠,看来现在终于是捅到澳大利亚的命根子上了,不仅在各种相关采访中#idiom#的大放厥词,强调所谓立场和价值观,现在连防长都换成了对华鹰派,政坛元老还带头叫嚣和...", "answer": 3}
{"id": 117, "candidates": ["何去何从", "稳操胜券", "不二法门", "箭在弦上", "包罗万象", "日新月异", "情有可原"], "content": "在新的形势下,基层党员干部如何践行党和国家的大政方针,助力党和国家夺取“十四五”发展新胜利,坚持党的领导是#idiom#。 坚持党的领导是经济和社会发展的根本保障。纵观新中国史,从“一五”的一穷二白到“十三五”的世界第二大经济...", "answer": 2}
{"id": 227, "candidates": ["易如反掌", "浑然天成", "例行公事", "左思右想", "斩钉截铁", "高人一等", "高官厚禄"], "content": "尽管面对舆论的曝光,此次长安福特已公开致歉,但不少人认为,长安福特反思并不深刻,只不过是“#idiom#”罢了。至于其能否洗心革面、真正改变,并不乐观。毕竟,类似的场景多次发生在长安福特身上。早在2013年,就有消费者投诉,其购买的福...", "answer": 2}
{"id": 229, "candidates": ["惹火烧身", "穷则思变", "人才济济", "急不可待", "缩手缩脚", "五色缤纷", "肝脑涂地"], "content": "距离东京奥运会的开幕,只剩下最后一百多天时间了,作为#idiom#的体育大国,中国队在很多项目上都有着争金的实力,在乒乓球、跳水、羽毛球、射击、举重、体操等项目中更拥有着恐怖的统治力,然后在最受瞩目的足球项目上,中国男足再一次无...", "answer": 2}
{"id": 230, "candidates": ["投机倒把", "荒淫无耻", "兴风作浪", "近水楼台", "前思后想", "原形毕露", "真情实意"], "content": "2019年岁末,“致敬非凡80载——舍得酒业&岳敏君艺术联名款上市发布会”在北京举行。2020开年,市场全面复苏之际,舍得酒业6月开启主题为“前浪后浪,都要#idiom#”的大笑沱牌全网发售。 “大笑沱牌”不仅是舍得酒业第一次发布沱牌艺术联...", "answer": 2}
{"id": 300, "candidates": ["矢口否认", "不知所以", "美不胜收", "深情厚意", "人多势众", "大错特错", "神龙见首"], "content": "辰山植物园郁金香推荐观赏区域位于:1号门外广场、1号门电瓶车起始站-儿童园站电瓶车道沿线、球宿根园、矿坑花园、竹园河边、德国庭、岩石园、辰山印象(近2号门)。 原标题:《#idiom#!松江这里花开正好,约吗?》...", "answer": 2}
{"id": 453, "candidates": ["无名英雄", "改邪归正", "人人自危", "气息奄奄", "迫不得已", "久而久之", "力不胜任"], "content": "白人男子连续行凶!亚特兰大按摩店6亚裔女遭枪杀,美亚裔群体#idiom# 环球网 发布时间:03-1806:38环球网官方帐号 【环球时报驻美国特约记者 侯健羽 环球时报记者 邵一佳 李文】美国亚特兰大都会区16日傍晚发生3起枪击案,造成8人死亡,其中...", "answer": 2}
{"id": 457, "candidates": ["从善如流", "衣食住行", "风和日丽", "不同凡响", "三长两短", "面授机宜", "良辰吉日"], "content": "记者4月3日获悉,为弘扬民族传统节日文化内涵,缅怀革命先烈,倡导孝道亲情,河北省非遗保护中心在清明节期间推出“我们的节日·#idiom#过清明——河北省非物质文化遗产系列网络活动”。 此次活动内容包括三个板块:“清明时节话清明”,以...", "answer": 2}
{"id": 574, "candidates": ["奋发图强", "气壮山河", "烟消云散", "危在旦夕", "鹿死谁手", "鞠躬尽瘁", "依依不舍"], "content": "导语:下个月,厄运#idiom#的3星座,将会再穷也能富,事业更有发展 水瓶座 水瓶座的人做什么事情都很用心,贵人特别兴旺,但是他们的智商和情商都很高,甚至可能收获意外之财,所以如果他们继续努力,他们能够在自己擅长的领域得到更多的资源...", "answer": 2}
{"id": 630, "candidates": ["一技之长", "江湖骗子", "暴风骤雨", "不了了之", "肆无忌惮", "狐狸尾巴", "一乾二净"], "content": "电影《#idiom#》是一部家喻户晓的红色经典。主要描写以萧祥为队长的土改工作队开进松花江畔的元茂屯,发动和组织广大贫苦农民与恶霸地主韩老六展开斗争的故事。 再次欣赏这部红色经典,忽然发现除了于洋,高保成几位演员外,竟然有大量的反派...", "answer": 2}
{"id": 634, "candidates": ["治病救人", "谈笑风生", "玉石俱焚", "腥风血雨", "欲擒故纵", "雄材大略", "凤毛麟角"], "content": "每一个关心香港前途的人,都应当静下来思考,都应担起应有责任,是时候向“揽炒”说不了! (原题为《决不能让香港在“揽炒”中“#idiom#”!》) 编辑:秦秦", "answer": 2}
{"id": 663, "candidates": ["感恩图报", "左思右想", "死心塌地", "草木皆兵", "不堪回首", "不由分说", "脱口而出"], "content": "对于有 抱负敢于冲在前锋的人,最好的方式就是给予肯定,尊重他的选择,这样能激发他们的斗志,你在他们的面前就是伯乐,他们会#idiom#的支持并协助你! 以上几句就是是出自《鬼谷子》这本书,记住这三条,即便没有人脉资源也能迅速收获朋...", "answer": 2}
{"id": 713, "candidates": ["七零八落", "否极泰来", "付之东流", "一分一毫", "拉帮结派", "开疆拓土", "时移世易"], "content": "许昕连输两局弃权不打了!东京混双夺金堪忧,几年培养或#idiom# 自动播放  腾讯视频 v.qq.com  免责声明:本文来自腾讯新闻客户端自媒体,不代表腾讯网的观点和立场。为你推荐 中国首例人体冷冻术:等待妻子复活的四年里,我感觉自己老...", "answer": 2}
{"id": 740, "candidates": ["鸡犬升天", "神思恍惚", "令人发指", "闭门造车", "居高临下", "祸不单行", "养生丧死"], "content": "相比之下,原型的姐姐对于房子的处理冷血到#idiom#。 可知,原型姐姐的房子有一大一小两处,大的是爷爷留给她的,小的是父亲出轨时,母亲为了分割财产偷偷过户到其名下的。 面对年仅两岁,毫无倚仗的亲弟,她一个二十多岁,接受过高等教育...", "answer": 2}
{"id": 746, "candidates": ["不容分说", "鸡毛蒜皮", "若明若暗", "徒子徒孙", "酩酊大醉", "味同嚼蜡", "树大招风"], "content": "如果推而广之,社会人生总是有许许多多的事例和事理#idiom#地盘绕在我们周围。 寻找 很多时候,我们真的不得不需要直面人生,直面社会,直面现实,直面真相,而不是文过饰非,粉饰事实,甚至篡改事实;或许,只有如此,我们才可能准确定位...", "answer": 2}
{"id": 748, "candidates": ["巧言如簧", "楚楚动人", "形单影只", "处心积虑", "愁云惨雾", "助人为乐", "生气勃勃"], "content": "这段时间,电视剧《陪着孩子一起长大》正在热播,其中的男主角之一顾家伟事业成功,拥有豪宅娇妻,可谓是志得圆满,却在中年之际,落得#idiom#,整个人生活在沮丧之中。 作为一名有名的律师,收入自然不菲,住有豪宅,出有名车,还有娇妻乖...", "answer": 2}
{"id": 912, "candidates": ["碍手碍脚", "误打误撞", "高人一等", "黑灯下火", "如火如荼", "铁证如山", "如雷灌耳"], "content": "游艇上的女人,没有不漂亮的。 游艇上的女人,难道#idiom#? 记得那一年,我们的思聪过生日,在游艇上开派对,私人飞机接送,6名美女跟随庆生!这不是一般人儿! 永远忘不了,拳击高手武僧一龙,从一穷二白到身家过亿,买千万游艇和百万豪车...", "answer": 2}
{"id": 940, "candidates": ["飞蛾投火", "一语道破", "不寒而栗", "暴殄天物", "花容月貌", "孔孟之道", "不修边幅"], "content": "阿卜杜力的思想如此荒唐,深受极端思想蛊惑如此至深,更令人#idiom#的是,在新疆这个地方活跃着一些身居要职的“两面人”。 新疆政法委原副书记希尔扎提·巴吾东本就是其中一个,从反恐英雄摇身一变,成了位高权重的“两面人”。还自称要...", "answer": 2}
{"id": 948, "candidates": ["后继有人", "如履薄冰", "随行就市", "土生土长", "通宵达旦", "吹毛求疵", "衣冠禽兽"], "content": "3月10日,中国北方稀土(集团)高科技股份有限公司公布3月稀土产品挂牌价格大幅上调#idiom#。中国北方稀土(集团)高科技股份有限公司2021年3月稀土产品挂牌价格具体而言,镨钕系价格上调31-32%左右,钕系价格上调25-26%左右。此外,镧铈价格...", "answer": 2}
{"id": 949, "candidates": ["归心似箭", "无往不克", "一事无成", "骑虎难下", "饱经忧患", "放虎归山", "如数家珍"], "content": "如今,很多人35岁了,依旧#idiom#。在奔四的这拨人当中,虽然我们不愿意去承认年纪的增长,但内心隐隐约约觉得自己不再年少,身体和精力也是一年不如一年。 赚钱,钱没赚到,顾家,家没顾上。 于是,你慌了。 其实,所谓的中年危机,其实...", "answer": 2}
{"id": 1032, "candidates": ["狼狈为奸", "零敲碎打", "表里如一", "循序渐进", "姗姗来迟", "不置可否", "一拍即合"], "content": "以我市涌现出的全国道德模范“信义奶奶”窦兰英、“全国最美抗疫志愿者”屈玲玉等为榜样,带动文明新风滋润张掖大地,引领公民思想道德建设走深走实,促进社会文明程度全面提升,努力把张掖建设成为“形神兼备、体健魂正、#idiom#、名实...", "answer": 2}
{"id": 1068, "candidates": ["放浪形骸", "不知死活", "绝处逢生", "顺手牵羊", "犯上作乱", "心腹之疾", "欢喜冤家"], "content": "图文丨邓斌 彭玉华 覃丹 编审丨李照耀 姜蓉 终审丨田念东 原标题:《县人民检察院及时启动羁押必要性审查 民营企业#idiom#》", "answer": 2}
{"id": 1079, "candidates": ["坑绷拐骗", "衣不蔽体", "千钧一发", "未卜先知", "暮气沉沉", "鸡零狗碎", "斤斤计较"], "content": "在这#idiom#之际,顺德乐从道教村一治安队员当机立断,勇敢救下!目前小孩已无大碍。记者今日(7日)从佛山市顺德区乐从镇道教村委会获悉这一正能量事件。 00:11 4月3日上午11时34分,道教村休班治安队员张永新在家休息期间,看见溪头...", "answer": 2}
{"id": 1266, "candidates": ["损兵折将", "迎刃而解", "心血来潮", "山崩地裂", "古往今来", "杀身成仁", "刻舟求剑"], "content": "苏州:对不起,杭州,建设超1千万人的超大城市,我不是#idiom#!最近,苏州对自己的城市定位比以前更进一步了,更加拉大了,从国际大都市转变成了超大城市。愿景还是挺大的,直接干到全国第五城了。 苏州 要知道目前中国的超大城市:北京、上...", "answer": 2}
{"id": 1363, "candidates": ["天作之合", "奴颜婢膝", "指名道姓", "别有风味", "炉火纯青", "小心翼翼", "虚怀若谷"], "content": "在娱乐圈中,邓紫棋与华晨宇的绯闻从来没有停止过,不过在2019年时,邓紫棋也做出过回应,她称:自己曾经确实有一段感情,但因为迫不得已如今已经分开了。虽然当时邓紫棋并未#idiom#的说对方就是华晨宇,但也算就此了结了俩人的感情过往,外...", "answer": 2}
{"id": 1376, "candidates": ["老羞成怒", "谈虎色变", "一刀两断", "丢三落四", "楚楚动人", "东逃西窜", "心往神驰"], "content": "而这一行为,一再让网友们猜测,难道李小璐给甜馨改名叫“李奕涵”了?她和贾乃亮彻底决裂了?一时间,网友们也是摸不着头脑。 如今关于改名字的事情也被很多人知道,有不少网友都表示李小璐打算跟贾乃亮#idiom#了,网友们对此消息也是热议...", "answer": 2}
{"id": 1491, "candidates": ["党同伐异", "不可救药", "昂首挺胸", "前车之鉴", "说东道西", "人尽其才", "像模像样"], "content": "在电影《九条命》最新发布的海报中,鲜艳的红犹如鲜血一样的底色背景中,有九个神色各异、伤痕累累的川军,尽管身上挂彩,他们依然是#idiom#、互相扶持,坚定地伫立着。尽管看不清他们的样子,但是依然能够感受到他们捐躯赴国难,视死如归...", "answer": 2}
{"id": 4, "candidates": ["取长补短", "必恭必敬", "毫无二致", "风云人物", "言归于好", "豪放不羁", "指指点点"], "content": "4月,缘定鹊桥上,天赐良缘到,心软了,与前任#idiom#的生肖猪。 生肖猪天性从容,不管面对什么都能够淡定自若地去解决,他们才华横溢,在很多人的眼里,他们都是一个极好的对象,很多人都会默默地关注他们,甚至不乏有表白的人存在,但他...", "answer": 4}
{"id": 12, "candidates": ["坚忍不拔", "大处着眼", "如花似玉", "走南闯北", "劳师动众", "宠辱不惊", "触目惊心"], "content": "#idiom#!赣江中游大型水库,曾淹没309个村子,12.94万人进行迁移,水利开发很重要,要介绍的这座水库位于万安县芙蓉镇,在1990年的时候正式开闸放水,但是在这背后是历经三十多年的建造工作,经历了大型的停工复工,遇到过各种问题,其中最...", "answer": 4}
{"id": 41, "candidates": ["望而生畏", "嬉皮笑脸", "贪心不足", "政出多门", "不屈不挠", "不知深浅", "因势利导"], "content": "坚定信念,#idiom#,勇于过自己想要的人生 人们常说人类是一种社会生物,这集承认了集体和团结的重要性,同时也说明了每一个人都必须要依赖在集体当中,可是对集体的依赖所有程度而言的,有的人过度的依赖集体,而有的人会在一定程度上...", "answer": 4}
{"id": 64, "candidates": ["皇亲国戚", "倾国倾城", "蔚为大观", "沽名钓誉", "风调雨顺", "万古长青", "穷山恶水"], "content": "导语:下星期,生活#idiom#的3星座,将会运势红到发紫,日子乐开花 水瓶座 水瓶座的人也可以用智慧解决,他们的能力极其强大,他们会在预算上小心翼翼,他们有些自私,的生活会顺利不少,相信努力是会有收获的。能够坚持自己的原则,事业很容...", "answer": 4}
{"id": 149, "candidates": ["万马奔腾", "徇私舞弊", "地老天荒", "振聋发聩", "无稽之言", "虾兵蟹将", "晕头转向"], "content": "不见之行,不闻之谋,君子慎之。 283、#idiom#,不见之行,不闻之谋,君子慎之。(《荀子·正名篇》) 【译文】没有根据的话,没见人做过的事,没听人说过的谋略,君子一定要慎重地对待。", "answer": 4}
{"id": 173, "candidates": ["贻笑大方", "明知故犯", "壁垒森严", "不堪一击", "天方夜谭", "百孔千疮", "金科玉律"], "content": "看,这就是我面对主流价值观的一贯反应:通过一段看似理性实则毫无意义又让人无法反驳的言论来达到尽快结束对话,又不伤对方面子的目的。一种无意识的自我保护。这让我很难与人深入交流,至于建立亲密关系,更是#idiom#。 ", "answer": 4}
{"id": 183, "candidates": ["不由自主", "翻天覆地", "后继有人", "东山再起", "开门见山", "不关痛痒", "攻守同盟"], "content": "《王牌对王牌》@华晨宇yu @张若昀 合唱张惠妹的歌曲《#idiom#》,大家觉得如何? 作者最新文章 一个成熟股票投资者必经的训练程序 国家卫健委:17日新增确诊病例27例 17例为境外输入病例 世卫组织报告:全球新冠肺炎确诊病例已超过200万 ...", "answer": 4}
{"id": 207, "candidates": ["孤注一掷", "忘恩负义", "含沙射影", "现身说法", "东奔西走", "想入非非", "危言耸听"], "content": "观梨花何必#idiom#,邯郸市内有梨园。 该梨园位于老邯郸县政府对面,即现在的邯山区政府对面,全天开放。邯郸市民又有了一个好观梨花好去。22号才开园,这样就不用到魏县观梨花啦。 梨花前日初含蕊,...", "answer": 4}
{"id": 212, "candidates": ["因循守旧", "活蹦乱跳", "虎头蛇尾", "大材小用", "矫揉造作", "慷慨陈词", "一望而知"], "content": "其次,是影片中压抑到极致的故事。这一设定引起很多争议,有观众认为导演卖惨太过,完全就是#idiom#、无病呻吟。有观众则认为是现实生活中的写照,非常真实。 就点点个人来看,是比较赞同「是现实生活中写照」这一观点的。故事背景设定在...", "answer": 4}
{"id": 333, "candidates": ["煞费苦心", "人才济济", "千千万万", "以逸待劳", "转危为安", "面若死灰", "气宇轩昂"], "content": "为不耽误抢救时间,第十中队积极和盛京医院急诊联系,请求开辟快速通道。 220公里的距离,仅仅用了不到90分钟就顺利抵达。经过紧张的抢救治疗,患儿现已#idiom#。 小编丨小童 喜欢就赞吧", "answer": 4}
{"id": 420, "candidates": ["味同嚼蜡", "力挽狂澜", "爱莫能助", "断垣残壁", "登峰造极", "一见倾心", "心满意足"], "content": "我们可能不需要如此“#idiom#”,而只需要普通但健康的身体。那就给自己施加一点小小的克制吧。因为哪怕对自己的一点小小的克制,就会使你变得强而有力,就会让你成为自己最好的“医生”。 ", "answer": 4}
{"id": 487, "candidates": ["不登大雅", "助桀为虐", "犬牙交错", "独一无二", "风驰电掣", "树大招风", "气急败坏"], "content": "一岁孩子误食农药急就医,交警一路#idiom#保平安 自动播放  腾讯视频 v.qq.com  免责声明:本文来自腾讯新闻客户端自媒体,不代表腾讯网的观点和立场。为你推荐 台铁事故最新画面:肇事者曾从救援现场路过 与幸存者擦肩而过 青蜂侠 32...", "answer": 4}
{"id": 511, "candidates": ["一团漆黑", "浅尝辄止", "从善如流", "蓬头垢面", "亦步亦趋", "身强力壮", "攻守同盟"], "content": "“双积分”政策#idiom# 新能源车卖“白菜价”? 购置税优惠即将到期,新一轮的汽车政策“山雨欲来”。各类汽车政策当中,与汽车主机厂关联最大、消费者关注度最高的就是新能源车双积分(以下简称“双积分”),它甚至被看作是中国车...", "answer": 4}
{"id": 518, "candidates": ["下回分解", "星星点点", "片言只字", "蔚然成风", "神乎其神", "热火朝天", "欢欣鼓舞"], "content": "最近刚接触到茶叶烟,#idiom#的,您能科普一下吗?有1个回答陈德 1天前 0| 回复  之前已经有网友问过这个问题。关于茶烟可看下这篇https://mp.weixin.qq.com/s/MbO9Zc77EM7Pf4puPjyrEA更多关于控烟戒烟领域的专业科学问题,...", "answer": 4}
{"id": 674, "candidates": ["无中生有", "心中有数", "胡言乱语", "因祸得福", "指指点点", "含辛茹苦", "无所用心"], "content": "中老年人都会选择再婚,因为每个人都不希望自己过得孤独。每个人都希望自己能有一个幸福美满的再婚婚姻。 一位57岁阿姨嫁给比自己大15岁的老头,阿姨说表面幸福的婚姻,实则背地里被#idiom#,这样的婚姻让我活得很累今天小编带大家去听...", "answer": 4}
{"id": 735, "candidates": ["金童玉女", "鹬蚌相持", "头晕目眩", "朝不保暮", "延年益寿", "相待如宾", "无牵无挂"], "content": "氢气能#idiom#吗? 因微信公众号改版,为防止错过“氢益康”的推送请【星标】或文末点【分享】【赞】【在看】哦!如何设为星标?点击公众号名称“氢益康”再点右上角的“...”,点“设为星标”就ok了...", "answer": 4}
{"id": 787, "candidates": ["小家碧玉", "狼吞虎咽", "冠冕堂皇", "发财致富", "当之无愧", "争先恐后", "凶相毕露"], "content": "小米11 Ultra在照片模式下,从白天到夜晚的光照条件里,以及从广角到长焦远摄的所有变焦设置中,表现都很出色;视频录制方面也没有任何明显的缺点,在DXOMARK Camera排名中夺魁,可说是#idiom#。 (校对/叶子) 举报/反馈 发表评论 发表  ...", "answer": 4}
{"id": 820, "candidates": ["打退堂鼓", "骇人听闻", "前因后果", "趋吉避凶", "平淡无奇", "片甲不回", "风平浪静"], "content": "因为有了追求,生活才不会变得#idiom#,当然,你所追求的事物可以是很多种类型,最重要的是你可以实现和拥有,这样才是最好的答案。 缺失的美感或许别有一番滋味,但在实现梦想的过程一样让人无怨无悔,凡事你曾努力付出过,这都是你最...", "answer": 4}
{"id": 856, "candidates": ["阳奉阴违", "胡思乱想", "迎来送往", "匠心独具", "喧宾夺主", "吃里爬外", "不能自拔"], "content": "不过这三人之间的氛围变得很尴尬,苏提达面露苦涩,反倒是诗妮娜斗志昂扬,嘴角还带着一丝得意。在走红毯接受献花的时候,诗妮娜#idiom#,代替王后接受这些军官的献花。 苏提达在泰王身后低头气氛十分压抑,反倒诗妮娜脸上的笑意都抑制不住了...", "answer": 4}
{"id": 980, "candidates": ["趁火打劫", "滴水不漏", "鱼龙混杂", "大风大浪", "度日如年", "一丝不苟", "乱作一团"], "content": "80岁老人被不断骚扰,每天都#idiom#!而骚扰老人的竟是儿子! 自动播放  腾讯视频 v.qq.com  免责声明:本文来自腾讯新闻客户端自媒体,不代表腾讯网的观点和立场。为你推荐 北京遭遇近年来最强沙尘暴!沙尘与防护林开口子有关?气象局...", "answer": 4}
{"id": 1010, "candidates": ["进退两难", "功败垂成", "因地制宜", "投石问路", "土生土长", "屏声敛息", "学富五车"], "content": "他经过长期潜心研究,认为“靠山吼”起源于明嘉靖年间(公元1542年前后),形成于明万历年间(公元1600年前后),是豫西山区#idiom#的古老戏曲声腔体系,距今已有400多年历史。 “‘靠山吼’萌生之初,没有弦乐伴奏,只有马蹄号和排鼓、大...", "answer": 4}
{"id": 1016, "candidates": ["一拍即合", "两袖清风", "聚精会神", "急起直追", "若无其事", "常年累月", "狡兔三窟"], "content": "高茜却#idiom#不为所动 星太奇其实是一位非常多才多艺的男孩,不仅画画很棒,而且还对吉他有几分研究,为了增进和田鸡妹之间的友谊,特意为田鸡妹弹了一首歌曲,可奋豆却认为弹吉他太俗,要玩就玩点高雅的。 “豪华编钟”接着奏乐接...", "answer": 4}
{"id": 1017, "candidates": ["防患未然", "打草惊蛇", "生死攸关", "卷土重来", "栩栩如生", "前仰后合", "手疾眼快"], "content": "战象#idiom# 传统戏就这样让人眼前一亮 ■ 《醒·狮》剧照 ■ 《马向阳下乡记》剧照 编者按 “十二景”聚焦艺术与生活水乳交融的动人场景;“十二星”点亮十二艺节期间并非舞台中央的角儿,但是依然有着主角光环的普通人;今起推出的...", "answer": 4}
{"id": 1156, "candidates": ["来者不善", "手疾眼快", "汗牛充栋", "望眼欲穿", "嗷嗷待哺", "丢人现眼", "真枪实弹"], "content": "既无伯叔,终鲜兄弟,门衰祚薄。外无期功强近之亲,内无应门贴心贤囊。茕茕孑立,形影相吊。退而求其次,我多么渴望做一个与世无争的隐士;然我也同样是一个#idiom#的婴儿,我是一个问题百出的患者。世间之阻隔,莫过于对人格之...", "answer": 4}
{"id": 1238, "candidates": ["盲人摸象", "神乎其神", "不胜其烦", "妄自菲薄", "一马当先", "面面俱到", "沧海桑田"], "content": "导语:下一周,好运#idiom#的3星座,将会赚钱格外轻松,财运极好 射手座 射手座的人虽然他们会遇到困难和挑战,很有创新精神,顺利打开了挣钱的大门,他们会努力做好自己,非常乐于助人,所以绝不会满足现状。生活会更加丰富多彩,可以微笑着...", "answer": 4}
{"id": 1322, "candidates": ["一鳞一爪", "开路先锋", "皮开肉绽", "半斤八两", "前功尽弃", "南辕北辙", "如意算盘"], "content": "看了这位美女的穿搭,希望可以给大家一点启发,在穿搭上切忌掉以轻心,以防#idiom#,再好的身材都起不到作用了,明白吗?", "answer": 4}
{"id": 1328, "candidates": ["旁门左道", "面授机宜", "甚嚣尘上", "杳无音信", "小心谨慎", "运用自如", "返朴归真"], "content": "所以说,倘若你身边这种知心知己的闺蜜或朋友突然之间远离你而去,那么你就要自己反思一下了,是不是你的原因才造成的,同时你也要#idiom#一点,别再失去朋友或因此造成一些不好的影响。 3. 友好往来的亲戚 俗话说:\"亲戚来来往往,利人...", "answer": 4}
{"id": 1379, "candidates": ["扫地出门", "初露锋芒", "画蛇添足", "张三李四", "异曲同工", "何去何从", "国计民生"], "content": "宋PLUS EV:与汉有#idiom#之妙 宋PLUS EV前脸造型和汉EV有很多共通之处。例如上半部分采用封闭式设计,突出纯电动车的身份,粗壮的银色镀铬条贯穿整个前脸,并与两侧矩阵式大灯相连。在其中,古风“宋”字样十分抢眼,在光线下显得颇有美...", "answer": 4}
{"id": 1468, "candidates": ["坐怀不乱", "引而不发", "时来运转", "青山绿水", "有板有眼", "金屋贮娇", "心乱如麻"], "content": "刘青云、刘德华、倪妮作为主演肯定是同时受采。视频中他们都是在电影中的打扮。应该是记者问道刘青云:电影讲述的大致故事。所以刘青云就用非常通俗易懂又非常显平淡的口气#idiom#地说出剧情大致意思。 ", "answer": 4}
{"id": 1489, "candidates": ["大步流星", "合情合理", "迫不及待", "枉费心机", "精神抖擞", "穷则思变", "训练有素"], "content": "作为中国“长寿”皇帝乾隆,为什么日理万机,却还活到了89岁,并且妥妥的#idiom#。 答案就是:“补” ! 根据记载, 乾隆帝日常爱喝茶调补,并常年饮用北京同仁堂进贡的“人参五宝茶”来增补精气,保持体力。 ", "answer": 4}
{"id": 7, "candidates": ["坐以待毙", "粗心大意", "言之成理", "赌咒发誓", "拒人千里", "与世长辞", "太平盛世"], "content": "看来郑爽从来不是#idiom#之人,找准机会就想要改变当下窘迫的状态,也确实让她有了“东山再起”的心思。无论是幕前幕后,作为电视人,总有一天会被好的导演或者同行发现闪光点,要想站在舞台上也是指日可待。 ", "answer": 0}
{"id": 70, "candidates": ["丧权辱国", "拉拉扯扯", "丝丝入扣", "插科打诨", "谢天谢地", "神魂颠倒", "望而却步"], "content": "总理衙门事务大臣,一般是亲贵重臣担任,囿于传统观念,亲贵一般不亲自处理涉外事务,遑论参与外交谈判。对于清廷而言,#idiom#的卖国条约签字者,自然不能是亲贵,亲贵不能承担这个责任,李鸿章也就成为一个背锅侠了!", "answer": 0}
{"id": 94, "candidates": ["波澜壮阔", "遍地开花", "微乎其微", "神不守舍", "闭门造车", "无所不知", "无所不有"], "content": "百年征程#idiom# 重温党史砥砺前行 我志愿加入中国共产党,拥护党的纲领,遵守党的章程,履行党员义务……”3月25日,区政府办党支部利用中午休息时间走进红色教育基地---八路军驻洛办事处纪念馆重温入党誓词,实地参观革命烈士的英雄事迹和...", "answer": 0}
{"id": 113, "candidates": ["口诛笔伐", "日以继夜", "心灰意懒", "退避三舍", "荡然无存", "花攒锦簇", "接二连三"], "content": "作为一名普通的国人,不能为国家去真正的战场冲锋陷阵,也不能进入外交部#idiom#,更不屑于在互联网口嗨出气,但是我们可以选择提升自己,让自己更优秀,为国家的繁荣富强增砖添瓦! 提升自己最简单的莫过于自己学历的提升,而且还很有必要...", "answer": 0}
{"id": 175, "candidates": ["天壤之别", "一劳永逸", "前所未有", "坐立不安", "鸡飞狗走", "焕然一新", "丧尽天良"], "content": "对比学而思网校、火花思维、小猴思维课,发现它们有#idiom# 学而思大语文一年级春季班靠谱吗?分析优劣势后直言:缺点很明显 “鸡娃”到底该怎么做?牛妈这短短16字的鸡娃口诀,我劝你要牢记 …… 举报/反馈 发表评论 发表  作者最新文章...", "answer": 0}
{"id": 246, "candidates": ["挥金如土", "开宗明义", "罪魁祸首", "道貌岸然", "具体而微", "风华正茂", "独木难支"], "content": "导语:本期星座主题是4月上旬开始贵人鼎立相助,好运势来袭,生活#idiom#的3星座。 第一、狮子座 狮子座的人精力旺盛,善恶分明,忠厚率真热情,五行火,命理刚健,他们的生活中有一个后马明星,虽然他们的财富之路有挫折,但这也意味着好运...", "answer": 0}
{"id": 341, "candidates": ["灰心丧气", "面不改容", "叶落归根", "断壁颓垣", "数不胜数", "挺而走险", "盛气凌人"], "content": "经过了那么多#idiom#的日子 麻雀还在飞 我还在搬弄旧书 玫瑰还有蕾 ▂ 余秀华《月光落在左手上》 图/ Alessia Morellini 特别声明:以上内容(如有图片或视频亦包括在内)为自媒体平台“网易号”用户上传并发布,本平台仅提供信息存储服务...", "answer": 0}
{"id": 387, "candidates": ["包罗万象", "运用自如", "同舟共济", "冲锋陷阵", "惹是生非", "败军之将", "风雪交加"], "content": "商家们的脑洞总是可以大开,一切能想到或者难被想到的元素和图案,都有可能变成柄图出现在Lo裙上,可谓是#idiom#,更有可能引发一股浪潮,成为当下的潮流,成为其他商家争先学习效仿的对象。 在Lolita刚开始流行之时,很少能在Lo裙上见到海洋...", "answer": 0}
{"id": 408, "candidates": ["胡说八道", "胆战心惊", "合盘托出", "痛改前非", "战战兢兢", "敬而远之", "下里巴人"], "content": "真正传统书法入了门,很容易就能看出,一些自媒体账号罗列的陈宝国作品纯粹是欺骗大众,以此为根据大加赞美更是#idiom#了。其中有些字真不是陈宝国能写出来的,不是这字有多好,而是这种字习气太重了。习气就是在学习书法过程中下过大功...", "answer": 0}
{"id": 558, "candidates": ["同心协力", "积劳成疾", "旧事重提", "及时行乐", "半夜三更", "有钱有势", "暴风骤雨"], "content": "阮富仲在致辞中欢迎阮春福入住主席府,表示相信阮春福和武氏映春以高度责任精神、工作热心和实践工作经验将尽快把握新的工作,及时和有效做出指导,让主席府发挥团结精神,#idiom#实现改革创新,完成好各项任务。 ", "answer": 0}
{"id": 605, "candidates": ["兵临城下", "白璧无瑕", "粗茶淡饭", "痛哭流涕", "拒人千里", "扣人心弦", "从长计议"], "content": "疫苗已#idiom#,信使已来最后通牒,你是打呢,还是打呢,还是打呢? 怎么会突然变成这种状况?因为疫苗接种进展不理想! 4月3日全国接种新冠病毒疫苗13667.7万剂次,还不到全国人口的10%。不仅距构筑免疫屏障所需的70%存在差距,也与...", "answer": 0}
{"id": 614, "candidates": ["片言只字", "冷暖自知", "飞针走线", "庞然大物", "时不我待", "百无一用", "竭泽而渔"], "content": "出自:五代·王定保《唐摭言·怨怒》:“只字片言曾蒙激赏。”近义词有:片言只语、#idiom#、片言一字,只字片言是中性成语,可作宾语、定语;用于书面语。只字片言的详细解释:成语名称:只字片言(zhī zì piàn yán)成语释义:只:...", "answer": 0}
{"id": 621, "candidates": ["足智多谋", "低眉顺眼", "问长问短", "嘘寒问暖", "语无伦次", "绣花枕头", "牵肠挂肚"], "content": "不过,要想变得#idiom#,要想自己能够成就一番事业的话,不是说来就来的,或者说任何一个出色的人,他们都得经历过不少的磨难,以及在经受住了一些挫折之后,才能真正成才成人,才能成为一个实力超群的人物,让自己的人生过得越来越顺当...", "answer": 0}
{"id": 725, "candidates": ["据理力争", "精兵简政", "语焉不详", "不知所措", "言犹在耳", "一路顺风", "察颜观色"], "content": "现场的美方工作人员在要求记者离开时,当时只是要求中方记者离开。但是在中国代表团的#idiom#之下,现场所有中文媒体得以全程见证了大约1个半小时的开场致辞。 中美高层战略对话18日举行,在第一轮对话中,美国国务卿布林肯和国安顾问沙利文首...", "answer": 0}
{"id": 779, "candidates": ["东山再起", "另眼相看", "一贫如洗", "情不自禁", "言过其实", "痛不欲生", "事出有因"], "content": "达芙妮全线自救:陨落的“大众鞋王”还能#idiom#吗? (图片来源:全景视觉) 经济观察报 记者李紫宸 王彤月2012年处于巅峰时期的达芙妮或许没有想到,那一年会成为自身命运的转折点,因为从那一年之后,这家“大众鞋王”再也没能够重新振作。", "answer": 0}
{"id": 818, "candidates": ["心血来潮", "随遇而安", "悲天悯人", "无理取闹", "不闻不问", "造谣生事", "扑朔迷离"], "content": "以上业务开展并非公司#idiom#,相关业务均为公司主营业务类似或配套业务,公司也均在相关业务方面探索沉淀多年,已积累较为丰富的行业经验。 资源配置方面,公司会根据现有资源及各业务发展进度与规划,对资源总额和事业部投资实行限额管控,...", "answer": 0}
{"id": 854, "candidates": ["听而不闻", "三五成群", "孔孟之道", "一望而知", "别开生面", "成家立业", "千头万绪"], "content": "也是心不在焉,视而不见,#idiom#,食而不知其味,但是境界不一样了。 举例,我们什么境界,什么情绪,什么状态都不住的情况下就是这样的,大家有体会吗? 我不执着于任何一件事情,我也没有任何的情绪,这时发现,淡定从容地坐在这里的...", "answer": 0}
{"id": 972, "candidates": ["养家糊口", "阴错阳差", "处之泰然", "优柔寡断", "苟延残喘", "千变万化", "专心致志"], "content": "今天我们要说的这个国家,那里的男性可以说是全球男性中最“懒惰”,婚后立马“退休”,靠着老婆#idiom#,这到底是哪个国家? 老挝,全称为老挝人民民主共和国,国土面积为23.68万平方公里,属于世界最不发达的国家之一,主要以农业为主,工业...", "answer": 0}
{"id": 1024, "candidates": ["人仰马翻", "短兵相接", "嘘寒问暖", "舞弄文墨", "骄奢淫逸", "明媒正娶", "若明若暗"], "content": "女子骑电动车#idiom#,掉进排水沟。 自动播放  腾讯视频 v.qq.com  免责声明:本文来自腾讯新闻客户端自媒体,不代表腾讯网的观点和立场。为你推荐 新疆官员:欧美借口“新疆人权”单边制裁,集体失法、失智 环球网 59分钟前 苏伊士...", "answer": 0}
{"id": 1029, "candidates": ["强词夺理", "好吃懒做", "乌合之众", "老弱残兵", "以毒攻毒", "平易近人", "刀光剑影"], "content": "樊婷娘家妈依旧在#idiom#,惹得男方父母大怒:“退婚!” 樊婷听到男方父母这么说,一时手足无措,她赶紧拉了拉男友的衣角,男友一把推开:“就按我爸妈的意思,咱俩到此为止,彩礼退还,婚事作废。” 一场好好的婚姻,就这样被娘家父母的...", "answer": 0}
{"id": 1042, "candidates": ["力排众议", "维妙维肖", "乐天知命", "大是大非", "虚晃一枪", "尽心竭力", "民怨沸腾"], "content": "央华戏剧官宣肖战将参演《如梦之梦》之后,不仅引发了众多粉丝的期待,还有圈内前辈#idiom#支持肖战称,他承受了不少委屈,却撑大了格局。相信以他的能力完全能够诠释好这部话剧中的角色,为大家奉献一场精彩绝伦的舞台剧。 圈内前辈刘喜...", "answer": 0}
{"id": 1064, "candidates": ["良师益友", "下里巴人", "不可理喻", "屏气凝神", "兴风作浪", "寅吃卯粮", "一笑了之"], "content": "人物| Gottfried Konecny教授:从制图员到摄影测量与遥感学“世界大使”的传奇人生Gottfried Konecny教授除了是世界公认的摄影测量与遥感学大使,还是中国摄影测量与遥感学科的#idiom#。李德仁院士专门撰写了回忆文章Gottfried Konecny: our be...", "answer": 0}
{"id": 1095, "candidates": ["投其所好", "食不甘味", "火冒三丈", "正人君子", "难解难分", "生离死别", "旗开得胜"], "content": "目标明确,#idiom#。 钓什么样的鱼也可以说是目标鱼。比如说是钓青鱼,那青鱼就是主要的目标鱼,要明确。你就别幻想着啥鱼你都想钓上来,人生要懂得取舍,钓鱼同样如此。只不过有的时候可以兼顾。什么样的鱼?不仅仅是鱼种的问题,是...", "answer": 0}
{"id": 1208, "candidates": ["分庭抗礼", "鱼米之乡", "全神贯注", "覆水难收", "若隐若现", "不置可否", "腰缠万贯"], "content": "中国为何能在手机设计上#idiom#? 钱德虎关注 “我把我做的每一件事,都当做解决问题的机会……我希望我能使人们变得更好。” 去年vivo X30宣布和Alexander Wang联名限量款手机后,后者曾经这样表达对于跨界捉刀外观设计的初衷。作为国际...", "answer": 0}
{"id": 1232, "candidates": ["全心全意", "无穷无尽", "无坚不摧", "毫无二致", "大家闺秀", "例行公事", "无事生非"], "content": "警方眼里无小事,#idiom#为民生 鹤山公安 自开展队伍教育整顿活动以来 积极投入到 “我为群众办实事”实践当中 立足岗位恪尽职守 心系群众无私奉献 忙小事、办实事、解难事 推进亲民、便民、利民举措、...", "answer": 0}
{"id": 1253, "candidates": ["出乎意料", "歪打正着", "任人唯亲", "断壁颓垣", "养家活口", "粉身碎骨", "悔之晚矣"], "content": "《山河令》剧本和班底都还挺扎实,想过会播得不错,但受到这样的喜爱还是#idiom#。 龚俊:我知道我唱歌不太好,但自我感觉还良好,我尽力了!关于唱功的代表作品可以参考歌曲《爱你芜湖》。 觉得自己像边牧:因为聪明!个人不排斥表情包之类...", "answer": 0}
{"id": 1330, "candidates": ["话不投机", "冷若冰霜", "兔死狐悲", "乘人之危", "火眼金睛", "螳臂当车", "兴师动众"], "content": "角色魅力高的话,还会有人主动结交你。最重要的是,如果魅力高的话结道侣、结婚、认义子义父母等也会容易些,高魅力只要两三心就可以了。相反的是,如果魅力很低的话,经常对话就是#idiom#,让人非常郁闷。 既然魅力这么重要,有玩家就...", "answer": 0}
{"id": 1373, "candidates": ["避重就轻", "识文断字", "一望而知", "遥相呼应", "弹冠相庆", "笑里藏刀", "横七竖八"], "content": "这件事并没有那么快就结束了,郑爽和张恒两个人还是没有把事情的真相全部交代清楚,郑爽也一直在#idiom#地处理一些关键问题,无论结局如何,都希望两个孩子能得到妥善处理。 举报/反馈 发表评论 发表  作者最新文章 黄渤坐千万豪车炫富...", "answer": 0}
{"id": 1474, "candidates": ["同舟共济", "死乞白赖", "孤苦零丁", "危在旦夕", "痛定思痛", "才貌双全", "后发制人"], "content": "赵立坚指出,中日作为一衣带水的友好邻邦,在危难时刻有着#idiom#、守望相助的良好传统。2011年那场大地震发生后,中国政府和人民及时伸出援手,向日方提供了力所能及的帮助和支持。我们也不会忘记2008年四川汶川地震发生后,日本政府和人民...", "answer": 0}
{"id": 38, "candidates": ["屏声敛息", "如临大敌", "游手好闲", "无所不包", "才子佳人", "沽名钓誉", "捉衿见肘"], "content": "今天早上在看视频的时候,偶然之间看到了这个新闻:某地的一个网红为了拍段子,在大街上给了老人500元钱,可是这个网红拍完段子以后,竟然又从老人的手中把这500元钱要了回去,这样#idiom#的网红,实在是让人恶心。 本来嘛,生而为人,...", "answer": 5}
{"id": 93, "candidates": ["打退堂鼓", "疾恶如仇", "血流如注", "坚如盘石", "求之不得", "漠不关心", "丧尽天良"], "content": "在此期间,陈女士、丁先生继续对他置之不理,就连自己两次生病住院,他们也#idiom#。二人不履行赡养义务,明显违背了协议约定,且侵犯了自己的合法权益。因此,潘大爷向法院提起诉讼,要求陈女士、丁先生归还167.5万元,并且解除双方的遗赠...", "answer": 5}
{"id": 116, "candidates": ["延年益寿", "虚张声势", "情有可原", "梁上君子", "盘根错节", "口是心非", "脱胎换骨"], "content": "看过《名侦探柯南》的小伙伴们都知道,毛利大叔平时对柯南总是非打即骂,态度非常的恶劣,所以有人给出了“岳父怎么可能会瞅女婿顺眼”这一解释。但实际上毛利大叔只是#idiom#罢了,他对柯南真的非常好,所以该改成“岳父怎么可能会不...", "answer": 5}
{"id": 165, "candidates": ["不见经传", "无所不能", "无迹可寻", "假戏真做", "负隅顽抗", "何乐不为", "心若死灰"], "content": "3.自己美。在教会他人的同时自己的身材可以一直保持下去,#idiom#呢? 而做健身教练的优势比比皆是。女教练比男性教练有更强的亲和力和沟通能力,解决专业健身问题的同时,成为会员信任的朋友,更利于后期会员的转介绍;女教练有比男性教练指...", "answer": 5}
{"id": 190, "candidates": ["十二万分", "满山遍野", "古道热肠", "装腔作势", "此起彼伏", "贤妻良母", "不可思议"], "content": "电影的故事说起来很简单,就是女孩穿越回过去希望改变母亲命运的故事,从内容上并无太大新意,思想更谈不上深刻,歌颂的母亲也仍然是传统中国人最喜欢的#idiom#: ▲ 来自微博大V私享史的见解 ...", "answer": 5}
{"id": 215, "candidates": ["置身事外", "三十而立", "君子协定", "超然物外", "打击报复", "初露锋芒", "纹丝不动"], "content": "下一代奔驰GLC SUV非官方渲染图 #idiom#,日前报出来的谍照基本没有透露出下一代奔驰GLC SUV的样子,奔驰将它隐藏在厚重的伪装下,不免引人深思。最近曝光了一组非官方渲染图,这也显示了奔驰要公布全新GLC外观的信号。效果图展示了一辆...", "answer": 5}
{"id": 278, "candidates": ["哑口无言", "泥牛入海", "魂飞魄散", "抛砖引玉", "弄巧成拙", "念念有词", "一门心思"], "content": "4月1日,郑州市华容街,一名穿红衣服的年轻女子,每天晚上12点多,准时来到大上海城夜市场一角落,跪着对墙面壁,嘴里还#idiom#。关键是别人和她交流她也不和人沟通,经询问附近商户,得知此女子每晚夜半来此跪地近十天了。管城北下街治安...", "answer": 5}
{"id": 596, "candidates": ["否极泰来", "成双作对", "贪生畏死", "约定俗成", "夸夸其谈", "放荡不羁", "反覆无常"], "content": "那么,曾经这一群#idiom#的“古惑仔”现在都过得怎样呢? 郑伊健扮演的是大哥陈浩南,在还没有名气的时候就已经谈恋爱了,女朋友就是邵美琪,她在那时名气比郑伊健大,不过两人非常恩爱,计划着两人共同的生活,也正准备订婚期了。 两人可以...", "answer": 5}
{"id": 651, "candidates": ["背井离乡", "监主自盗", "除暴安良", "犬牙交错", "一席之地", "怨声载道", "南来北往"], "content": "“诟病”,这也让我们对这款国产办公软件的未来打上一个问号:“乱收费”、“私自扣费”、“强制自动续费”、“误导消费花呗”等问题让用户#idiom#,产品自身漏洞百出导致用户整体体验不佳,如果WPS Office不能从根本上解决这些问题,长...", "answer": 5}
{"id": 693, "candidates": ["堂而皇之", "人才辈出", "条分缕析", "无拘无束", "引狼入室", "游手好闲", "坐失机宜"], "content": "文/戴先任因“#idiom#”,云南省镇雄县杉树乡海子村父子周仔松、周顺宝,被村委会列入“黑名单”予以曝光。被曝光的村民周仔松告诉红星新闻,去年8月,他从浙江打工回来送父亲去医院,才知道自己和儿子被村委会列入“黑名单”曝光,“说我...", "answer": 5}
{"id": 711, "candidates": ["众目睽睽", "缘木求鱼", "爱不忍释", "如胶似漆", "祸不单行", "同仇敌忾", "满腹经纶"], "content": "全民族抗战的#idiom#,抗美援朝的英勇无畏,抗洪抢险的勇往直前,抗疫斗争的逆行出征……总书记不止一次对那些为民族独立、人民解放和国家富强、人民幸福捐躯的烈士作出重要指示,主持重要会议对他们进行表彰,号召大家向他们的崇高精神学习,使...", "answer": 5}
{"id": 734, "candidates": ["死而后已", "引经据典", "金榜题名", "声势浩大", "百战百胜", "乐天知命", "一往情深"], "content": "教育最为重要的使命是帮助人建立内在秩序,#idiom#在卢梭那里,有相近的表述:我的永恒的天性与这个世界的结构与自然的秩序之间所发现的完美的契合,在这完美的契合中,我发现了与自然秩序相对应的精神秩序,正是依靠这个秩序,才能不受命运...", "answer": 5}
{"id": 875, "candidates": ["朗朗上口", "成家立业", "倒背如流", "身体发肤", "常年累月", "替天行道", "巧言令色"], "content": "香港东网11月1日报道,一名韩国男子突然于今早驾驶挖泥机,闯进拘留崔顺实的首尔中央地方检察厅,声称要替崔顺实执行死刑。该名男子驾驶挖泥机横冲直撞,导致检察厅多处设施受损及多名执法人员受伤,他最终被捕。 据悉,该名要“#idiom#”...", "answer": 5}
{"id": 878, "candidates": ["转危为安", "文房四宝", "趁火打劫", "垂涎三尺", "鬼哭狼嚎", "答非所问", "黄道吉日"], "content": "#idiom#,其实已经是答了。 04 我才不要鹤立鸡群,我要离开那群鸡。 05 喜欢是两手空空,是眼眶红红,是蠢蠢欲动。喜欢是来势汹汹,是似懂非懂,是风吹草动都让我心事重重。 06 见惯了量产的温柔 ,所以对笨拙的真诚才会格外动心...", "answer": 5}
{"id": 881, "candidates": ["屈指可数", "举案齐眉", "首善之地", "开门见山", "寂寂无闻", "步步为营", "同舟共济"], "content": "“奶牛博士”的“#idiom#” 一个出生于湖北恩施的孩子,却狂热地憧憬着去祖国边疆游历,期待着那种策马天涯的生活。今年36岁的“奶牛博士”曾波回想当年的热血沸腾,深感以农为业的缘分似乎天注定。", "answer": 5}
{"id": 882, "candidates": ["博大精深", "上下一心", "行色匆匆", "周而复始", "乌合之众", "真刀真枪", "洗心革面"], "content": "原标题:《队伍教育整顿(三十六)| #idiom#“勇揭短” 诚心诚意“打补丁” 筑牢公平正义的执法生命线》 ", "answer": 5}
{"id": 913, "candidates": ["缚鸡之力", "三六九等", "防微杜渐", "蓬头垢面", "狼吞虎咽", "俯拾即是", "头头是道"], "content": "大明湖南门,门外即是曲水亭,百花洲,入金修葺一新,与往日大不相同 作者最新文章 春日的济南,#idiom#美景 带你看不一样的泰山,后山自然区域一瞥 水中闻虎啸,火里见龙行,看丛林之王的英姿 相关文章 一场一拖再拖的婚礼 见证爱情也...", "answer": 5}
{"id": 985, "candidates": ["像模像样", "粉身碎骨", "纷至沓来", "繁荣昌盛", "高朋满座", "百花齐放", "妙不可言"], "content": "曾经何时,#idiom#的盛景是无处不在,比如曾经的国家广电,有自己独立的获取的或制作购买的资源和传播渠道,电影也有电影厂、电影院及乡村放映队一整条完整的产业链。就是最不被看好的传统艺术文化,一直都是有众多专业及业余团队在传承...", "answer": 5}
{"id": 1025, "candidates": ["急起直追", "拔刀相向", "毫无二致", "不计其数", "无济於事", "石沉大海", "楚楚动人"], "content": "股价已跌破增发价,瑞康医药13亿定增仍#idiom#!,◆经济导报记者 时超 A股市场自春节以来的回落,打乱了不少上市公司的定增募资计划。面对股价已经跌破定增价格的情况,上市公司及定增参与方会如何应对,引来不少投资者关注。定增计划再添变...", "answer": 5}
{"id": 1072, "candidates": ["扬扬得意", "老羞成怒", "自告奋勇", "大发雷霆", "能屈能伸", "望文生义", "无关紧要"], "content": "相比较而言,在中国,对于“信息茧房”的质疑和批判性研究很少、实证性罕见,全盘接受或#idiom#的概念化研究却比较多,并且算法平台实务界与学术界的观点大相径庭。 自从桑斯坦的相关观点被介绍到国内、特别是2008年《信息乌托邦》中文译本...", "answer": 5}
{"id": 1085, "candidates": ["磨刀霍霍", "青山绿水", "抚今悼昔", "能屈能伸", "一见如旧", "等闲视之", "同生共死"], "content": "汽车无论处于哪种阶段,都有可能发生漏油的现象。漏油是车子出故障的前兆,所以不能#idiom#。 新车漏油大多是在装配时留下的祸根,配合不好、部件没有正确到位。使油封、油垫、皮碗之类的密封件不能起到堵封作用。而老车则多是因磨损...", "answer": 5}
{"id": 1114, "candidates": ["慷慨陈词", "不知所以", "无所不为", "斗志昂扬", "坐失机宜", "作威作福", "相生相克"], "content": "天命是无法改变的,气质是随着命运而来的。有的女人天生其貌不扬,但有的女人天生亭亭玉立,这三大星座的女人都有富婆的样子,很多都是在家里#idiom#,所以男人必须得不断的伺候她们,不然家里可能会有动荡。双鱼座双鱼女任性,在家独霸。", "answer": 5}
{"id": 1198, "candidates": ["情非得已", "见所未见", "杀身成仁", "鞠躬尽瘁", "痛哭流涕", "千叮万嘱", "急如星火"], "content": "常输生病,大姐#idiom#不放心,还不忘去猪场帮大妮干活 自动播放  腾讯视频 v.qq.com  免责声明:本文来自腾讯新闻客户端自媒体,不代表腾讯网的观点和立场。为你推荐 国家卫健委:昨日新增确诊32例 其中本土15例均在云南 国家卫生...", "answer": 5}
{"id": 1228, "candidates": ["再三再四", "专心致志", "不可多得", "形影不离", "口是心非", "忠心耿耿", "得陇望蜀"], "content": "是入关的大功臣,皇太极去世之后,鳌拜被任命为议政大臣辅佐顺治,不过鳌拜和多尔衮、多铎、代善相比,地位上还是相形见绌,为了保卫皇太极血脉登上皇位,鳌拜备受多尔衮打击,那么就是这样一个对皇太极、顺治#idiom#的大臣,为何对康熙就飞扬跋扈...", "answer": 5}
{"id": 1242, "candidates": ["不堪入目", "威风凛凛", "开天辟地", "狗皮膏药", "表里如一", "真心实意", "悠然自得"], "content": "现代伊兰特价格 #idiom#大回馈2021-04-08 12:09:58 来源: 经销商供稿 举报 0  分享至  用微信扫码二维码 分享至好友和朋友圈 促销时间:2021/04/08-2021/04/20 近日,北京现代店,针对旗下伊兰特系车型给出了最高3万元的综合...", "answer": 5}
{"id": 1260, "candidates": ["嫉恶如仇", "丰富多采", "盘根错节", "不可多得", "锱铢必较", "没头没脑", "噤若寒蝉"], "content": "来到南京定居的湖南小伙木叶说,有次他们小区群里有人#idiom#地问了一句:谁知道咱们小区附近有什么好吃的呀?结果很多人争相回复,大家这才发现原来群里潜伏着不少‘吃货’,“现在美食已经成了联结我们业主的纽带,有谁新打卡了附近哪家...", "answer": 5}
{"id": 1301, "candidates": ["因地制宜", "遍体鳞伤", "才貌双全", "痛改前非", "金石为开", "不假思索", "善始善终"], "content": "她#idiom#地回了一句:我为什么我就觉得我应该做点事情 如果不能像医护人员一样守在前线,那就为他们出一份力吧 那他累不累呢? 这个真不好说,因为他只是笑着回答能扛住这个阶段命运给你的艰难困苦 以后,我就可以扛得住自己所做的...", "answer": 5}
{"id": 1339, "candidates": ["眼花撩乱", "见微知著", "沆瀣一气", "忠心耿耿", "破涕为笑", "趁热打铁", "井井有条"], "content": "4.景甜#idiom#? 《司藤》这部剧表现是非常出彩的,这部剧当初的评级不高,但是受到的关注度和讨论度都非常高。虽然平台分销出去对平台来说没有吃到多少红利,但是对演员来说爱优腾联播,看得人也就更多了,知名度更收益。她之前定下来...", "answer": 5}
{"id": 1461, "candidates": ["大家风范", "嗷嗷待哺", "有气无力", "力争上游", "汗流浃背", "点头哈腰", "弃之可惜"], "content": "二战后,盟国在日本拥有极大特权,日本人见到外国人就#idiom# 50% 75% 100% 画中画 VIDd3238z4vrfo 播放模式chromehls 分辨率1600 x 1600 视频宽高864 x 486 音量0% 视频协议https CDNapd-fb71287ee1fe2a2667eeb06581cf69c4.v....", "answer": 5}
{"id": 1492, "candidates": ["榜上无名", "孤掌难鸣", "祸不单行", "万家灯火", "半斤八两", "蠢蠢欲动", "长此以往"], "content": "骗子们也正#idiom# 伺机埋伏 等待你们中招 01 冒充客服称订单异常 小张在网上购买了衣服,快递还没收到她却接到“客服”的电话,对方在电话中称该商品甲醛超标,可以申请退款,此外还会获得三倍赔偿。小张信以为真,按照“客服”的指引,在...", "answer": 5}
{"id": 47, "candidates": ["鼎鼎大名", "慷慨激昂", "一时半刻", "自顾不暇", "竹篮打水", "雨后春笋", "御驾亲征"], "content": "大宋和辽国为了和平,相互派出质子,相约在三年后归还。可是辽国的王子却被西夏给抓走了。萧绰一怒之下,派兵攻打大宋。还把刘娥和大皇子刘吉带在军中。 情势非常的危机,寇准等主战派主张皇帝赵恒#idiom#,给前线的战士们鼓舞士气。寇准...", "answer": 6}
{"id": 65, "candidates": ["飘飘欲仙", "左思右想", "望文生义", "腥风血雨", "艰苦卓绝", "出头露面", "付之一笑"], "content": "你忘了回忆,我忘了忘记. 碎了一地的诺言,拼凑不回的昨天. 深浅不一的印记,#idiom#的回忆. 最疼的疼是原谅,最黑的黑是绝望. 是你苍白了我的等待,讽刺了我的执着. 沿途的风景我只能边走边忘. ...", "answer": 6}
{"id": 75, "candidates": ["九霄云外", "大智如愚", "覆水难收", "冷若冰霜", "平起平坐", "与世长辞", "始作俑者"], "content": "\"#idiom#\"竟然它? 第一点——分数带来的压力。上课过程中要学习,回家又要完成跟山堆一样的作业。如果完成度不高,就会受到老师批评;如果排名下降或是分数降低,等待他们的就是回家后的责骂。 第二点——误会老师的用意。相信很多学...", "answer": 6}
{"id": 104, "candidates": ["有眼无珠", "以卵投石", "天经地义", "坚贞不屈", "无伤大雅", "众所共知", "人间天堂"], "content": "《云游》#idiom# 她所在的团队负责测试毒死这些害兽的毒药,先把毒药注射到鸟蛋里,作为诱饵放在木笼子里,再散布到树林和灌木丛中。这种毒药必须见效快,符合人道主义精神。并具有高度可降解性,在害兽被毒死后,不会殃及大量昆虫。一种...", "answer": 6}
{"id": 297, "candidates": ["丧心病狂", "不以为奇", "笨嘴笨舌", "遗世独立", "天崩地坼", "听而不闻", "慷慨陈词"], "content": "【书荐】梁晓声式的“#idiom#” 《人世间》 “《人世间》是我的一个情结,是我对现实主义的致敬的一种写作。” 对梁晓声来说,他动笔创作《人世间》的初衷和动力就是想写写大三线的建设工人,写写哥哥姐姐当年下乡之后留在城市里的...", "answer": 6}
{"id": 302, "candidates": ["一来二去", "守口如瓶", "真情实感", "简明扼要", "心心相印", "忧心如焚", "好高骛远"], "content": "一个名人如此,更何况我们普通人呢?所以我们一定不能够#idiom#,发现自己在哪一方面有着超越一般人的天赋,我们一定要在这一方面深耕。一百万小时天才理论,你一直在一个领域深耕你就是专家。 ", "answer": 6}
{"id": 315, "candidates": ["神差鬼使", "初露锋芒", "谨言慎行", "悔不当初", "正本清源", "杳无音信", "偏听偏信"], "content": "健康减肥不可#idiom# 减肥、减重瘦身时,很多人担心摄取过多的热量,多少都曾有不敢吃米饭,而选择用面包来代替主食的做法。但是你有想过吗?吃米饭和面包两种到底哪个会比较胖?面包看起来材料简单,但其实也有许多饮食陷阱在里头,吃米饭...", "answer": 6}
{"id": 395, "candidates": ["心如止水", "雅俗共赏", "爱屋及乌", "乐极则悲", "自不量力", "喜不自胜", "古色古香"], "content": "秦陇风味 #idiom#美味陕西菜 包括陕西、甘肃、宁夏、青海、新疆等地方风味,是大西北风味的简称,而以陕西菜、甘肃菜菜具有代表性。在春秋战国时代。陕西为秦国治地,故简称\"秦\"。甘肃省境大都在陇山之西,古代曾有\"陇西郡\"、\"陇右郡...", "answer": 6}
{"id": 454, "candidates": ["反客为主", "生死之交", "弄巧成拙", "人间地狱", "讳疾忌医", "莫衷一是", "明察暗访"], "content": "3月29日、3月30日,全市公安队伍教育整顿领导小组常务副组长、教育整顿办公室主任、沈阳市公安局党委副书记、副局长许树文采取#idiom#的形式,先后来到大东分局文官派出所和浑南分局全运村派出所,通过实地查看、查阅资料、现场提问等方式,对...", "answer": 6}
{"id": 561, "candidates": ["不明不白", "言不由衷", "寸步难行", "小心翼翼", "良辰美景", "目不暇给", "真心实意"], "content": "实话实说是我的特色。 ... 待人,我#idiom#, 不会带着目的把谁靠近, 不会想方设法把人算计, 习惯了将心比心, 绝不会让人伤心。 我不会为了钱,出卖朋友, 也不会为了利,抛弃真情, 我的心虽然看...", "answer": 6}
{"id": 583, "candidates": ["孤立无援", "不择手段", "知行合一", "反覆无常", "德才兼备", "立锥之地", "乱七八糟"], "content": "“#idiom#”常用来形容毫无秩序、乱糟糟的样子,其产生与古代两场政治大动乱有关。“乱七”指的是西汉初年的“七国之乱”,\"八糟”指的是晋朝的\"八王之乱”,都是皇权斗争激化的产物。 ", "answer": 6}
{"id": 595, "candidates": ["一分一毫", "以身作则", "信手拈来", "过眼云烟", "言多必失", "筚路蓝缕", "始终不渝"], "content": "《通知》指出,开展党史学习教育,要深刻感悟中国共产党#idiom#为人民的初心宗旨。党员干部要通过学习,始终牢记人民是我们党执政的最大底气,自觉坚持人民立场、践行群众路线,永远和人民群众同呼吸、共命运、心连心。 中国共产党自成立之日...", "answer": 6}
{"id": 618, "candidates": ["气味相投", "明知故问", "五湖四海", "心狠手辣", "声名鹊起", "满目疮痍", "大张旗鼓"], "content": "有分析称,德法和整个欧盟都不会#idiom#与俄罗斯对着干,唯独英国这么做,这是做给美国看,也给德、法和整个欧盟看。但在莫斯科看来,英国的举动好像是患上了“俄罗斯焦虑症”“俄罗斯恐惧症”。“无论是不是欧盟成员国,英国当局都一贯...", "answer": 6}
{"id": 664, "candidates": ["大起大落", "明察暗访", "依依不舍", "半夜三更", "马首是瞻", "发人深思", "四分五裂"], "content": "而欧洲呢,历史上不乏出现过高度集权的国家,但仍然难以面对外界的入侵,导致长期处于#idiom#。久而久之,民众发现,既然集权政府也不足以带来防御优势,继而没有渴望统一的心思,也就不足为奇了。", "answer": 6}
{"id": 665, "candidates": ["寻根究底", "心满意足", "打家劫舍", "狂轰滥炸", "寻死觅活", "大公无私", "堂堂正正"], "content": "#idiom#做人,明明白白做事,永远不要丢掉别人对你的信任。 不管碰到任何事,善良,永远不过期;不管遇到任何人,真诚,才能走进心里! 本文来源网络,仅做公益分享,若侵权请告知删除!", "answer": 6}
{"id": 697, "candidates": ["人烟稠密", "牛郎织女", "秀外惠中", "将功折罪", "旧事重提", "放浪形骸", "心灵手巧"], "content": "导语:金牛座女性#idiom#,善于观察,善于观察事物的变化,懂得在相亲过程中把对方的语言和动作拿捏到位。各方面,他们最排斥的就是不够成熟、不够体贴、不够时尚的相亲对象。他们会觉得这样的物体让人感到不安。 金牛座的人情绪稳定,踏实。", "answer": 6}
{"id": 782, "candidates": ["一鳞一爪", "缄口不言", "满面春风", "见所未见", "温故知新", "命在旦夕", "若有若无"], "content": "哈哈哈,应该鼻尖总是会有一股#idiom#的臭味吧... 如果我没看错的话, 这应该是之前用来吐痰的味痰盂吧?我说妹子,你这是有多想不开?咋用它来吃饭啊? 七夕节已经过了,相信各位有对象的小伙伴也都在计划着送自己的另一半什么...", "answer": 6}
{"id": 814, "candidates": ["五大三粗", "天崩地坼", "云泥之别", "有条有理", "同流合污", "独辟蹊径", "心慌意乱"], "content": "让我们一起看一下,将来8天,情意滚翻,#idiom#,真心挽回,英勇迈向你的星座吧。金牛座金牛座的个性化成熟稳重,他们不善于表述更不容易积极主动与人相处,一直将全部的思绪默默地的藏在心里,实际上每一个人都是有孩子气的一面,金牛座...", "answer": 6}
{"id": 846, "candidates": ["大错特错", "化为乌有", "红颜薄命", "委曲求全", "富丽堂皇", "逢凶化吉", "初露锋芒"], "content": "王俊凯登杂志封面挑战日式发型少年#idiom#娱乐微小二2021-03-09 16:07:14 1/12王俊凯为时尚杂志拍摄的写真曝光,封面中的他,突破以往风格,首次尝试日系长发造型,身穿黑色剪裁西装,搭配金丝边眼镜,雅痞气质无比吸睛。0...", "answer": 6}
{"id": 859, "candidates": ["戒骄戒躁", "火烧眉毛", "为所欲为", "自愧弗如", "祸从口出", "情深义重", "生搬硬套"], "content": "《白蛇:情劫》从故事背景到服道化、从美术到场景都跟《白蛇:缘起》无二,不过并没有做到极致,和《白蛇:缘起》差距很大,故事背景和场景照抄就算了,没想到很多台词都是#idiom#过来的,还有什么渡江、约会、雄黄酒、以身取暖、生离死别...", "answer": 6}
{"id": 860, "candidates": ["大惊小怪", "兵戎相见", "休戚与共", "空空如也", "炯炯有神", "天旋地转", "稀奇古怪"], "content": "成都这些#idiom#的杂货铺,原来卖的东西这么有意思 最近发现了一件很好玩的事,成都突然兴起了很多有趣的的杂货铺,贩卖各种可爱物件,有日系、韩系、也有“成都系”。这些杂货铺兼顾了些许复古情怀,又融入了时下最in的潮流元素。虽为...", "answer": 6}
{"id": 1317, "candidates": ["人去楼空", "摧枯拉朽", "起死回生", "旁观者清", "杯弓蛇影", "荒诞不经", "无时无刻"], "content": "这些因素#idiom#在“破坏”孩子味蕾 大部分家长对新生儿味觉并不了解,在他们4-6个月添加辅食的过程中,没有注重辅食的口味,或者盲目选择过甜或过咸的食物,均会影响到宝宝味觉的灵敏性。 过量的盐 宝宝1岁前不要加盐。 1-3岁阶段...", "answer": 6}
{"id": 1321, "candidates": ["另眼相待", "显山露水", "家长里短", "珠光宝气", "三长两短", "数一数二", "绞尽脑汁"], "content": "总的来说,为了能够寻找到佩莱的接班人,郝伟真的是#idiom#了,竟然疯狂地给出了ABCDE五个计划,看来他面临的压力不小。值得一提的是,截止到现在,鲁能的球迷依旧不知道他们的新援是谁,因为郝伟也还没有给出确切的答案。但是,无论如...", "answer": 6}
{"id": 1352, "candidates": ["身体力行", "无所不能", "天下太平", "柳暗花明", "素不相识", "孤军深入", "身经百战"], "content": "老人隐藏身份60年!连妻儿都不知道,他竟然是#idiom#的老革命 玄文记 发布时间: 04-0214:29 2014年的时候,湖北的某个小山村发生了一起特大的火灾,有一个孩子因为单独在家被困在火中来不及逃出来,幸好当时有一个老人家冲进了火场...", "answer": 6}
{"id": 1386, "candidates": ["竭泽而渔", "笑容可掬", "吃里爬外", "不成体统", "狼心狗肺", "芸芸众生", "百步穿杨"], "content": "这是一名好的狙击手 必须要牢牢记住的理论知识 再通过后期的各种环境下的训练 才能够练就#idiom# 百发百中的精湛射击技能 集训刚开始 一堂精彩绝伦的理论课程就正式开讲 教员们首先讲解了狙击步枪的性能 同时,根据不同的天气条件 不同...", "answer": 6}
{"id": 1389, "candidates": ["后会有期", "兴高采烈", "汪洋大海", "惨澹经营", "洗耳恭听", "平铺直叙", "胡言乱语"], "content": "原标题:特斯拉股东状告马斯克:在推特上“#idiom#”导致投资人蒙受损失 作者:马渭淞 3月13日消息,特斯拉一位名为盖瑞亭的投资者在特拉华州起诉了特斯拉CEO马斯克及其董事会,称马斯克持续发送“内涵”推文,且特斯拉董事会未能控制马斯克的...", "answer": 6}
{"id": 1397, "candidates": ["响彻云霄", "张灯结彩", "摇尾乞怜", "不以为然", "政出多门", "一团和气", "没头没脑"], "content": "我们读《西游记》,常常会碰上一些#idiom#的“梗”,似乎话里有话,话里背后有故事,但作者却又隐忍不说,直至你读完全书,也不会有答案。 这是怎么回事呢? 举个例子。 第四十二回《大圣殷勤拜南海,观音慈善缚红孩》,孙悟空斗不过...", "answer": 6}
{"id": 1403, "candidates": ["插科打诨", "无可救药", "闻风而至", "一呼百应", "疑难杂症", "萎靡不振", "真命天子"], "content": "再见c罗!皇马锋线找到#idiom#,c罗回归伯纳乌无望! 欧冠风云再起,英超哀兵欲复仇13冠霸主 皇马不能没有拉莫斯,就像巴萨不能没有梅西! 相关文章 再见阿扎尔!伯纳乌7号球衣找到新主人!皇马卖太子爷保王储值了  最强双六号坎特已归队,后防...", "answer": 6}
