{"id": 242, "candidates": ["风云人物", "气势汹汹", "予取予求", "乘龙佳婿", "正中下怀", "天方夜谭", "心如刀割"], "content": "据俄罗斯卫星通讯社3月15日报道,新八国联军#idiom#逼近附近海域,但是军舰却遭岸舰导弹锁定,英承认今非昔比。 最近一段时间,北约多个国家开始频繁进行军事演习,来对其他国家进行威慑。3月12日当天,英国出动了兰开斯特号、威斯敏斯特号...", "answer": 1}
{"id": 300, "candidates": ["矢口否认", "不知所以", "美不胜收", "深情厚意", "人多势众", "大错特错", "神龙见首"], "content": "辰山植物园郁金香推荐观赏区域位于:1号门外广场、1号门电瓶车起始站-儿童园站电瓶车道沿线、球宿根园、矿坑花园、竹园河边、德国庭、岩石园、辰山印象(近2号门)。 原标题:《#idiom#!松江这里花开正好,约吗?》...", "answer": 2}
{"id": 93, "candidates": ["打退堂鼓", "疾恶如仇", "血流如注", "坚如盘石", "求之不得", "漠不关心", "丧尽天良"], "content": "在此期间,陈女士、丁先生继续对他置之不理,就连自己两次生病住院,他们也#idiom#。二人不履行赡养义务,明显违背了协议约定,且侵犯了自己的合法权益。因此,潘大爷向法院提起诉讼,要求陈女士、丁先生归还167.5万元,并且解除双方的遗赠...", "answer": 5}
{"id": 1421, "candidates": ["巧言令色", "措手不及", "风流人物", "八仙过海", "平铺直叙", "草木皆兵", "言行一致"], "content": "当广州憾负北控,郭士强黯然退场那一刻,CBA季后赛悬念仿佛一下就消失了,可万万没想到,就在时隔1天后,北控外援约瑟夫-杨因个人裁决案(拖欠上一家经纪公司的费用),导致被禁赛,打了马布里一个#idiom#,加上郭士强带领广州神奇逆转天津,让...", "answer": 1}
{"id": 729, "candidates": ["男女老幼", "自然而然", "一如既往", "饿虎扑食", "借尸还魂", "不谋而合", "心明眼亮"], "content": "对比在镜头前的“仙女吃饭”,私底下的鞠婧祎在吃饭时完全就像是#idiom#,两者之间有着巨大的反差。对此,网友们都忍不住好奇:鞠婧祎不累吗?平时演影视作品需要演也就算了,在镜头上也要装“仙女”不嫌累吗? ", "answer": 3}
{"id": 1496, "candidates": ["投机倒把", "祸国殃民", "海誓山盟", "气急败坏", "金石为开", "心神不定", "温故知新"], "content": "澳洲最近的一系列行动表明,莫里斯政府恐怕坐不住了,中方连续数月的外交冷漠,看来现在终于是捅到澳大利亚的命根子上了,不仅在各种相关采访中#idiom#的大放厥词,强调所谓立场和价值观,现在连防长都换成了对华鹰派,政坛元老还带头叫嚣和...", "answer": 3}
{"id": 936, "candidates": ["坐收渔利", "添枝接叶", "上行下效", "青面獠牙", "口服心服", "诲人不倦", "不伦不类"], "content": "在这个看脸的时代,人们开始越来越注重自己的外貌,但与此同时,所谓的流言蜚语也多了起来,而墨香家的儿子们也是其中的受害者之一,那为何要如此说呢?因为在世人眼中,他们的面貌可是非同一般的。 #idiom#花城主 首先是我们的三弟花城,...", "answer": 3}
{"id": 511, "candidates": ["一团漆黑", "浅尝辄止", "从善如流", "蓬头垢面", "亦步亦趋", "身强力壮", "攻守同盟"], "content": "“双积分”政策#idiom# 新能源车卖“白菜价”? 购置税优惠即将到期,新一轮的汽车政策“山雨欲来”。各类汽车政策当中,与汽车主机厂关联最大、消费者关注度最高的就是新能源车双积分(以下简称“双积分”),它甚至被看作是中国车...", "answer": 4}
{"id": 731, "candidates": ["猝不及防", "声嘶力竭", "后顾之忧", "先知先觉", "谆谆告戒", "鱼与熊掌", "麻痹大意"], "content": "军方#idiom#控诉俄罗斯,这些苏-30SM战斗机压根就没有配备导弹,所以根本无法配合前线作战,更别提打赢战争了。 专家表示,39年前悲剧再次上演,俄罗斯葫芦里到底卖的什么药?宁愿把苏-30SM变成废铁,都不出面阻止战争。事实上俄罗斯此举就...", "answer": 1}
{"id": 52, "candidates": ["雄材大略", "人间地狱", "喜从天降", "风声鹤唳", "良莠不齐", "望尘莫及", "身怀六甲"], "content": "经历了#idiom#的年代后,他们在日常闲聊时,会经常提醒家里人“不要往外瞎说。”现在看来,姥爷可以称得上幸运。他在1945年出生于河北省一个农村,家中有兄弟姐妹四人,他是老大,下面有一个弟弟与两个妹妹。由于贫穷,两个妹妹都没能上...", "answer": 3}
{"id": 674, "candidates": ["无中生有", "心中有数", "胡言乱语", "因祸得福", "指指点点", "含辛茹苦", "无所用心"], "content": "中老年人都会选择再婚,因为每个人都不希望自己过得孤独。每个人都希望自己能有一个幸福美满的再婚婚姻。 一位57岁阿姨嫁给比自己大15岁的老头,阿姨说表面幸福的婚姻,实则背地里被#idiom#,这样的婚姻让我活得很累今天小编带大家去听...", "answer": 4}
{"id": 315, "candidates": ["神差鬼使", "初露锋芒", "谨言慎行", "悔不当初", "正本清源", "杳无音信", "偏听偏信"], "content": "健康减肥不可#idiom# 减肥、减重瘦身时,很多人担心摄取过多的热量,多少都曾有不敢吃米饭,而选择用面包来代替主食的做法。但是你有想过吗?吃米饭和面包两种到底哪个会比较胖?面包看起来材料简单,但其实也有许多饮食陷阱在里头,吃米饭...", "answer": 6}
{"id": 963, "candidates": ["高不可攀", "忍俊不禁", "百无一用", "头破血流", "词不达意", "养生丧死", "百废待兴"], "content": "【惊悚】驾车脱衣两不误,结果方向失控碰撞护栏,儿子#idiom# 清明一到春回大地,精神气爽,到处是春光明媚,草木萌动的景象。很多人都想趁小长假出去放松一下,有这么一对小夫妻带着孩子也加入了踏青队伍,但是还没出银川南大门,便发生了...", "answer": 3}
{"id": 7, "candidates": ["坐以待毙", "粗心大意", "言之成理", "赌咒发誓", "拒人千里", "与世长辞", "太平盛世"], "content": "看来郑爽从来不是#idiom#之人,找准机会就想要改变当下窘迫的状态,也确实让她有了“东山再起”的心思。无论是幕前幕后,作为电视人,总有一天会被好的导演或者同行发现闪光点,要想站在舞台上也是指日可待。 ", "answer": 0}
{"id": 4, "candidates": ["取长补短", "必恭必敬", "毫无二致", "风云人物", "言归于好", "豪放不羁", "指指点点"], "content": "4月,缘定鹊桥上,天赐良缘到,心软了,与前任#idiom#的生肖猪。 生肖猪天性从容,不管面对什么都能够淡定自若地去解决,他们才华横溢,在很多人的眼里,他们都是一个极好的对象,很多人都会默默地关注他们,甚至不乏有表白的人存在,但他...", "answer": 4}
{"id": 535, "candidates": ["狗尾续貂", "明察秋毫", "无中生有", "慷慨激昂", "死皮赖脸", "指手划脚", "群龙无首"], "content": "许敏请愿:“恳请#idiom#,查明当年偷换真相”,众多网友接力 文/谈情说李 \"偷换” “错换人生28年”真正的内幕到底什么时候才能大白于天下?广大网友已经迫不及待想知道答案。 姚策已经离去,但是在他的身后,关于错换人生的讨论依然没有...", "answer": 1}
{"id": 546, "candidates": ["忘恩负义", "再三再四", "招蜂引蝶", "鸦雀无声", "似曾相识", "歪打正着", "屏声敛息"], "content": "会场上#idiom#,空气都几乎凝固。 邓小平接着说:“同志们都很明白,红七军主力撤出苏区之后,这里的斗争会更加艰巨、复杂。主力走后,根据地革命重担就会完全落在你们肩下。滇军退过之后,接踵而来的是桂系军队的大规模反扑。形势虽然严峻。", "answer": 3}
{"id": 614, "candidates": ["片言只字", "冷暖自知", "飞针走线", "庞然大物", "时不我待", "百无一用", "竭泽而渔"], "content": "出自:五代·王定保《唐摭言·怨怒》:“只字片言曾蒙激赏。”近义词有:片言只语、#idiom#、片言一字,只字片言是中性成语,可作宾语、定语;用于书面语。只字片言的详细解释:成语名称:只字片言(zhī zì piàn yán)成语释义:只:...", "answer": 0}
{"id": 175, "candidates": ["天壤之别", "一劳永逸", "前所未有", "坐立不安", "鸡飞狗走", "焕然一新", "丧尽天良"], "content": "对比学而思网校、火花思维、小猴思维课,发现它们有#idiom# 学而思大语文一年级春季班靠谱吗?分析优劣势后直言:缺点很明显 “鸡娃”到底该怎么做?牛妈这短短16字的鸡娃口诀,我劝你要牢记 …… 举报/反馈 发表评论 发表  作者最新文章...", "answer": 0}
{"id": 230, "candidates": ["投机倒把", "荒淫无耻", "兴风作浪", "近水楼台", "前思后想", "原形毕露", "真情实意"], "content": "2019年岁末,“致敬非凡80载——舍得酒业&岳敏君艺术联名款上市发布会”在北京举行。2020开年,市场全面复苏之际,舍得酒业6月开启主题为“前浪后浪,都要#idiom#”的大笑沱牌全网发售。 “大笑沱牌”不仅是舍得酒业第一次发布沱牌艺术联...", "answer": 2}
{"id": 814, "candidates": ["五大三粗", "天崩地坼", "云泥之别", "有条有理", "同流合污", "独辟蹊径", "心慌意乱"], "content": "让我们一起看一下,将来8天,情意滚翻,#idiom#,真心挽回,英勇迈向你的星座吧。金牛座金牛座的个性化成熟稳重,他们不善于表述更不容易积极主动与人相处,一直将全部的思绪默默地的藏在心里,实际上每一个人都是有孩子气的一面,金牛座...", "answer": 6}
{"id": 1029, "candidates": ["强词夺理", "好吃懒做", "乌合之众", "老弱残兵", "以毒攻毒", "平易近人", "刀光剑影"], "content": "樊婷娘家妈依旧在#idiom#,惹得男方父母大怒:“退婚!” 樊婷听到男方父母这么说,一时手足无措,她赶紧拉了拉男友的衣角,男友一把推开:“就按我爸妈的意思,咱俩到此为止,彩礼退还,婚事作废。” 一场好好的婚姻,就这样被娘家父母的...", "answer": 0}
{"id": 1068, "candidates": ["放浪形骸", "不知死活", "绝处逢生", "顺手牵羊", "犯上作乱", "心腹之疾", "欢喜冤家"], "content": "图文丨邓斌 彭玉华 覃丹 编审丨李照耀 姜蓉 终审丨田念东 原标题:《县人民检察院及时启动羁押必要性审查 民营企业#idiom#》", "answer": 2}
{"id": 165, "candidates": ["不见经传", "无所不能", "无迹可寻", "假戏真做", "负隅顽抗", "何乐不为", "心若死灰"], "content": "3.自己美。在教会他人的同时自己的身材可以一直保持下去,#idiom#呢? 而做健身教练的优势比比皆是。女教练比男性教练有更强的亲和力和沟通能力,解决专业健身问题的同时,成为会员信任的朋友,更利于后期会员的转介绍;女教练有比男性教练指...", "answer": 5}
{"id": 878, "candidates": ["转危为安", "文房四宝", "趁火打劫", "垂涎三尺", "鬼哭狼嚎", "答非所问", "黄道吉日"], "content": "#idiom#,其实已经是答了。 04 我才不要鹤立鸡群,我要离开那群鸡。 05 喜欢是两手空空,是眼眶红红,是蠢蠢欲动。喜欢是来势汹汹,是似懂非懂,是风吹草动都让我心事重重。 06 见惯了量产的温柔 ,所以对笨拙的真诚才会格外动心...", "answer": 5}
{"id": 75, "candidates": ["九霄云外", "大智如愚", "覆水难收", "冷若冰霜", "平起平坐", "与世长辞", "始作俑者"], "content": "\"#idiom#\"竟然它? 第一点——分数带来的压力。上课过程中要学习,回家又要完成跟山堆一样的作业。如果完成度不高,就会受到老师批评;如果排名下降或是分数降低,等待他们的就是回家后的责骂。 第二点——误会老师的用意。相信很多学...", "answer": 6}
{"id": 1260, "candidates": ["嫉恶如仇", "丰富多采", "盘根错节", "不可多得", "锱铢必较", "没头没脑", "噤若寒蝉"], "content": "来到南京定居的湖南小伙木叶说,有次他们小区群里有人#idiom#地问了一句:谁知道咱们小区附近有什么好吃的呀?结果很多人争相回复,大家这才发现原来群里潜伏着不少‘吃货’,“现在美食已经成了联结我们业主的纽带,有谁新打卡了附近哪家...", "answer": 5}
{"id": 1330, "candidates": ["话不投机", "冷若冰霜", "兔死狐悲", "乘人之危", "火眼金睛", "螳臂当车", "兴师动众"], "content": "角色魅力高的话,还会有人主动结交你。最重要的是,如果魅力高的话结道侣、结婚、认义子义父母等也会容易些,高魅力只要两三心就可以了。相反的是,如果魅力很低的话,经常对话就是#idiom#,让人非常郁闷。 既然魅力这么重要,有玩家就...", "answer": 0}
{"id": 113, "candidates": ["口诛笔伐", "日以继夜", "心灰意懒", "退避三舍", "荡然无存", "花攒锦簇", "接二连三"], "content": "作为一名普通的国人,不能为国家去真正的战场冲锋陷阵,也不能进入外交部#idiom#,更不屑于在互联网口嗨出气,但是我们可以选择提升自己,让自己更优秀,为国家的繁荣富强增砖添瓦! 提升自己最简单的莫过于自己学历的提升,而且还很有必要...", "answer": 0}
{"id": 634, "candidates": ["治病救人", "谈笑风生", "玉石俱焚", "腥风血雨", "欲擒故纵", "雄材大略", "凤毛麟角"], "content": "每一个关心香港前途的人,都应当静下来思考,都应担起应有责任,是时候向“揽炒”说不了! (原题为《决不能让香港在“揽炒”中“#idiom#”!》) 编辑:秦秦", "answer": 2}
{"id": 121, "candidates": ["昏头转向", "兴致勃勃", "一呼百应", "专横跋扈", "初露锋芒", "一笔抹煞", "双宿双飞"], "content": "大胆!客车司机双手脱离方向盘,手机“买马”#idiom#,严惩不贷 自动播放  腾讯视频 v.qq.com  免责声明:本文来自腾讯新闻客户端自媒体,不代表腾讯网的观点和立场。为你推荐 台铁事发地事故前7分钟画面曝光:工程车仍在坡上疑似车门没...", "answer": 1}
{"id": 333, "candidates": ["煞费苦心", "人才济济", "千千万万", "以逸待劳", "转危为安", "面若死灰", "气宇轩昂"], "content": "为不耽误抢救时间,第十中队积极和盛京医院急诊联系,请求开辟快速通道。 220公里的距离,仅仅用了不到90分钟就顺利抵达。经过紧张的抢救治疗,患儿现已#idiom#。 小编丨小童 喜欢就赞吧", "answer": 4}
{"id": 117, "candidates": ["何去何从", "稳操胜券", "不二法门", "箭在弦上", "包罗万象", "日新月异", "情有可原"], "content": "在新的形势下,基层党员干部如何践行党和国家的大政方针,助力党和国家夺取“十四五”发展新胜利,坚持党的领导是#idiom#。 坚持党的领导是经济和社会发展的根本保障。纵观新中国史,从“一五”的一穷二白到“十三五”的世界第二大经济...", "answer": 2}
{"id": 297, "candidates": ["丧心病狂", "不以为奇", "笨嘴笨舌", "遗世独立", "天崩地坼", "听而不闻", "慷慨陈词"], "content": "【书荐】梁晓声式的“#idiom#” 《人世间》 “《人世间》是我的一个情结,是我对现实主义的致敬的一种写作。” 对梁晓声来说,他动笔创作《人世间》的初衷和动力就是想写写大三线的建设工人,写写哥哥姐姐当年下乡之后留在城市里的...", "answer": 6}
{"id": 190, "candidates": ["十二万分", "满山遍野", "古道热肠", "装腔作势", "此起彼伏", "贤妻良母", "不可思议"], "content": "电影的故事说起来很简单,就是女孩穿越回过去希望改变母亲命运的故事,从内容上并无太大新意,思想更谈不上深刻,歌颂的母亲也仍然是传统中国人最喜欢的#idiom#: ▲ 来自微博大V私享史的见解 ...", "answer": 5}
{"id": 207, "candidates": ["孤注一掷", "忘恩负义", "含沙射影", "现身说法", "东奔西走", "想入非非", "危言耸听"], "content": "观梨花何必#idiom#,邯郸市内有梨园。 该梨园位于老邯郸县政府对面,即现在的邯山区政府对面,全天开放。邯郸市民又有了一个好观梨花好去。22号才开园,这样就不用到魏县观梨花啦。 梨花前日初含蕊,...", "answer": 4}
{"id": 1156, "candidates": ["来者不善", "手疾眼快", "汗牛充栋", "望眼欲穿", "嗷嗷待哺", "丢人现眼", "真枪实弹"], "content": "既无伯叔,终鲜兄弟,门衰祚薄。外无期功强近之亲,内无应门贴心贤囊。茕茕孑立,形影相吊。退而求其次,我多么渴望做一个与世无争的隐士;然我也同样是一个#idiom#的婴儿,我是一个问题百出的患者。世间之阻隔,莫过于对人格之...", "answer": 4}
{"id": 206, "candidates": ["义愤填胸", "苦心孤诣", "三更半夜", "稳操胜券", "无坚不摧", "天上人间", "纵横交错"], "content": "#idiom#讲奉献 凝聚人心造合力 作为十三监区的党支部书记,什么是第一要务?要确保安全稳定,要提升劳动改造效果,要创新教育方式方法,要做好防疫工作,要……面对一连串的“要”,如何避免手足无措、晕头转向,秦书记的办法就是抓住“牛鼻...", "answer": 1}
{"id": 561, "candidates": ["不明不白", "言不由衷", "寸步难行", "小心翼翼", "良辰美景", "目不暇给", "真心实意"], "content": "实话实说是我的特色。 ... 待人,我#idiom#, 不会带着目的把谁靠近, 不会想方设法把人算计, 习惯了将心比心, 绝不会让人伤心。 我不会为了钱,出卖朋友, 也不会为了利,抛弃真情, 我的心虽然看...", "answer": 6}
{"id": 630, "candidates": ["一技之长", "江湖骗子", "暴风骤雨", "不了了之", "肆无忌惮", "狐狸尾巴", "一乾二净"], "content": "电影《#idiom#》是一部家喻户晓的红色经典。主要描写以萧祥为队长的土改工作队开进松花江畔的元茂屯,发动和组织广大贫苦农民与恶霸地主韩老六展开斗争的故事。 再次欣赏这部红色经典,忽然发现除了于洋,高保成几位演员外,竟然有大量的反派...", "answer": 2}
{"id": 651, "candidates": ["背井离乡", "监主自盗", "除暴安良", "犬牙交错", "一席之地", "怨声载道", "南来北往"], "content": "“诟病”,这也让我们对这款国产办公软件的未来打上一个问号:“乱收费”、“私自扣费”、“强制自动续费”、“误导消费花呗”等问题让用户#idiom#,产品自身漏洞百出导致用户整体体验不佳,如果WPS Office不能从根本上解决这些问题,长...", "answer": 5}
{"id": 1317, "candidates": ["人去楼空", "摧枯拉朽", "起死回生", "旁观者清", "杯弓蛇影", "荒诞不经", "无时无刻"], "content": "这些因素#idiom#在“破坏”孩子味蕾 大部分家长对新生儿味觉并不了解,在他们4-6个月添加辅食的过程中,没有注重辅食的口味,或者盲目选择过甜或过咸的食物,均会影响到宝宝味觉的灵敏性。 过量的盐 宝宝1岁前不要加盐。 1-3岁阶段...", "answer": 6}
