{"id": 1301, "candidates": ["因地制宜", "遍体鳞伤", "才貌双全", "痛改前非", "金石为开", "不假思索", "善始善终"], "content": "她#idiom#地回了一句:我为什么我就觉得我应该做点事情 如果不能像医护人员一样守在前线,那就为他们出一份力吧 那他累不累呢? 这个真不好说,因为他只是笑着回答能扛住这个阶段命运给你的艰难困苦 以后,我就可以扛得住自己所做的...", "answer": 5}
{"id": 120, "candidates": ["人老珠黄", "名不虚传", "开诚布公", "不堪回首", "无所顾忌", "淡而无味", "出生入死"], "content": "往事#idiom# 16岁的乐乐(化名)已有4年烟龄,他告诉记者,上高中才一个月就被爸爸送来。爸爸在外地经商,每天留给他100元零花钱,由妈妈供给。他习以为常,拿钱就走,一天一包烟,结交一帮社会青年,上网吧、下酒馆、泡歌厅,旷课不去学...", "answer": 3}
{"id": 625, "candidates": ["徒子徒孙", "音容笑貌", "一嚬一笑", "相提而论", "负隅顽抗", "反客为主", "阳春白雪"], "content": "如今提及方言,人们最常用的关键词是:消逝与保护。随着城镇化进程的加速,方言流逝、乡音渐远是不少地区共同面临的窘境,海南也不例外。多年来,社会各界的有识之士纷纷提出建议,希望能留住海南方言的“#idiom#”。 ", "answer": 1}
{"id": 341, "candidates": ["灰心丧气", "面不改容", "叶落归根", "断壁颓垣", "数不胜数", "挺而走险", "盛气凌人"], "content": "经过了那么多#idiom#的日子 麻雀还在飞 我还在搬弄旧书 玫瑰还有蕾 ▂ 余秀华《月光落在左手上》 图/ Alessia Morellini 特别声明:以上内容(如有图片或视频亦包括在内)为自媒体平台“网易号”用户上传并发布,本平台仅提供信息存储服务...", "answer": 0}
{"id": 75, "candidates": ["九霄云外", "大智如愚", "覆水难收", "冷若冰霜", "平起平坐", "与世长辞", "始作俑者"], "content": "\"#idiom#\"竟然它? 第一点——分数带来的压力。上课过程中要学习,回家又要完成跟山堆一样的作业。如果完成度不高,就会受到老师批评;如果排名下降或是分数降低,等待他们的就是回家后的责骂。 第二点——误会老师的用意。相信很多学...", "answer": 6}
{"id": 1379, "candidates": ["扫地出门", "初露锋芒", "画蛇添足", "张三李四", "异曲同工", "何去何从", "国计民生"], "content": "宋PLUS EV:与汉有#idiom#之妙 宋PLUS EV前脸造型和汉EV有很多共通之处。例如上半部分采用封闭式设计,突出纯电动车的身份,粗壮的银色镀铬条贯穿整个前脸,并与两侧矩阵式大灯相连。在其中,古风“宋”字样十分抢眼,在光线下显得颇有美...", "answer": 4}
{"id": 1071, "candidates": ["月黑风高", "千姿百态", "妄自菲薄", "图财害命", "百依百随", "雾里看花", "若隐若现"], "content": "糖尿病会“#idiom#”,医生提醒要早点预防 自动播放  腾讯视频 v.qq.com  免责声明:本文来自腾讯新闻客户端自媒体,不代表腾讯网的观点和立场。为你推荐 西安大唐不夜城清明游客爆满,游客:确实漂亮,感觉有点穿越 漩涡视频 3小时前 台...", "answer": 3}
{"id": 13, "candidates": ["世外桃源", "实至名归", "生生世世", "供不应求", "终身大事", "崭露头角", "以理服人"], "content": "台湾两大外银今公布第二季经济预测,渣打银行上调今年台湾GDP成长率预估至4.4%;星展银行则从原本预估的4.2%上修至5%,主要皆认为今年上半年省内出口强劲、半导体产业#idiom#,加上全球景气强劲复苏,可望带动台湾今年经济成长动能。 渣打集团...", "answer": 3}
{"id": 1238, "candidates": ["盲人摸象", "神乎其神", "不胜其烦", "妄自菲薄", "一马当先", "面面俱到", "沧海桑田"], "content": "导语:下一周,好运#idiom#的3星座,将会赚钱格外轻松,财运极好 射手座 射手座的人虽然他们会遇到困难和挑战,很有创新精神,顺利打开了挣钱的大门,他们会努力做好自己,非常乐于助人,所以绝不会满足现状。生活会更加丰富多彩,可以微笑着...", "answer": 4}
{"id": 64, "candidates": ["皇亲国戚", "倾国倾城", "蔚为大观", "沽名钓誉", "风调雨顺", "万古长青", "穷山恶水"], "content": "导语:下星期,生活#idiom#的3星座,将会运势红到发紫,日子乐开花 水瓶座 水瓶座的人也可以用智慧解决,他们的能力极其强大,他们会在预算上小心翼翼,他们有些自私,的生活会顺利不少,相信努力是会有收获的。能够坚持自己的原则,事业很容...", "answer": 4}
{"id": 748, "candidates": ["巧言如簧", "楚楚动人", "形单影只", "处心积虑", "愁云惨雾", "助人为乐", "生气勃勃"], "content": "这段时间,电视剧《陪着孩子一起长大》正在热播,其中的男主角之一顾家伟事业成功,拥有豪宅娇妻,可谓是志得圆满,却在中年之际,落得#idiom#,整个人生活在沮丧之中。 作为一名有名的律师,收入自然不菲,住有豪宅,出有名车,还有娇妻乖...", "answer": 2}
{"id": 913, "candidates": ["缚鸡之力", "三六九等", "防微杜渐", "蓬头垢面", "狼吞虎咽", "俯拾即是", "头头是道"], "content": "大明湖南门,门外即是曲水亭,百花洲,入金修葺一新,与往日大不相同 作者最新文章 春日的济南,#idiom#美景 带你看不一样的泰山,后山自然区域一瞥 水中闻虎啸,火里见龙行,看丛林之王的英姿 相关文章 一场一拖再拖的婚礼 见证爱情也...", "answer": 5}
{"id": 1025, "candidates": ["急起直追", "拔刀相向", "毫无二致", "不计其数", "无济於事", "石沉大海", "楚楚动人"], "content": "股价已跌破增发价,瑞康医药13亿定增仍#idiom#!,◆经济导报记者 时超 A股市场自春节以来的回落,打乱了不少上市公司的定增募资计划。面对股价已经跌破定增价格的情况,上市公司及定增参与方会如何应对,引来不少投资者关注。定增计划再添变...", "answer": 5}
{"id": 734, "candidates": ["死而后已", "引经据典", "金榜题名", "声势浩大", "百战百胜", "乐天知命", "一往情深"], "content": "教育最为重要的使命是帮助人建立内在秩序,#idiom#在卢梭那里,有相近的表述:我的永恒的天性与这个世界的结构与自然的秩序之间所发现的完美的契合,在这完美的契合中,我发现了与自然秩序相对应的精神秩序,正是依靠这个秩序,才能不受命运...", "answer": 5}
{"id": 420, "candidates": ["味同嚼蜡", "力挽狂澜", "爱莫能助", "断垣残壁", "登峰造极", "一见倾心", "心满意足"], "content": "我们可能不需要如此“#idiom#”,而只需要普通但健康的身体。那就给自己施加一点小小的克制吧。因为哪怕对自己的一点小小的克制,就会使你变得强而有力,就会让你成为自己最好的“医生”。 ", "answer": 4}
{"id": 1012, "candidates": ["逆水行舟", "言之凿凿", "得过且过", "千方百计", "按兵不动", "五颜六色", "反躬自问"], "content": "宁夏一女网红散布疫情谣言,#idiom#。,1月9日,快手某主播在“快手”直播间直播过程中向他人散布“红寺堡疫情严重了,红寺堡月底就封城呢”的谣言,公安机关立即就其所发的不实言论进行了查处。经公安机关核查,该主播杨某在“快手”直播...", "answer": 1}
{"id": 1032, "candidates": ["狼狈为奸", "零敲碎打", "表里如一", "循序渐进", "姗姗来迟", "不置可否", "一拍即合"], "content": "以我市涌现出的全国道德模范“信义奶奶”窦兰英、“全国最美抗疫志愿者”屈玲玉等为榜样,带动文明新风滋润张掖大地,引领公民思想道德建设走深走实,促进社会文明程度全面提升,努力把张掖建设成为“形神兼备、体健魂正、#idiom#、名实...", "answer": 2}
{"id": 1480, "candidates": ["戴高帽子", "苛捐杂税", "力不胜任", "自强不息", "爱憎分明", "行云流水", "各个击破"], "content": "她就是获得梅州市第五届“#idiom#好少年”的五华县梓皋学校学生范英红。 说是“厨房洗碗盆”,实则由一把木质凳子和一个早已洗得泛白的面盆简单搭放而成,由于凳子矮,她不得不长时间保持弯腰状态刷洗碗筷。趁着她埋头做家务的空当,...", "answer": 3}
{"id": 623, "candidates": ["艰苦卓绝", "刨根问底", "大惊小怪", "各自为政", "跋山涉水", "常年累月", "腹背受敌"], "content": "公办、民办学校不再“#idiom#”,而是共同纳入同一个教育集团融合发展,这一创新举措在四川天府新区得以实现。3月29日,天府师大一中教育集团成立大会举行,该集团引领学校为天府师大一中,成员学校包括白沙中学、新兴中学、天府六小、白沙小学...", "answer": 3}
{"id": 302, "candidates": ["一来二去", "守口如瓶", "真情实感", "简明扼要", "心心相印", "忧心如焚", "好高骛远"], "content": "一个名人如此,更何况我们普通人呢?所以我们一定不能够#idiom#,发现自己在哪一方面有着超越一般人的天赋,我们一定要在这一方面深耕。一百万小时天才理论,你一直在一个领域深耕你就是专家。 ", "answer": 6}
{"id": 1095, "candidates": ["投其所好", "食不甘味", "火冒三丈", "正人君子", "难解难分", "生离死别", "旗开得胜"], "content": "目标明确,#idiom#。 钓什么样的鱼也可以说是目标鱼。比如说是钓青鱼,那青鱼就是主要的目标鱼,要明确。你就别幻想着啥鱼你都想钓上来,人生要懂得取舍,钓鱼同样如此。只不过有的时候可以兼顾。什么样的鱼?不仅仅是鱼种的问题,是...", "answer": 0}
{"id": 1017, "candidates": ["防患未然", "打草惊蛇", "生死攸关", "卷土重来", "栩栩如生", "前仰后合", "手疾眼快"], "content": "战象#idiom# 传统戏就这样让人眼前一亮 ■ 《醒·狮》剧照 ■ 《马向阳下乡记》剧照 编者按 “十二景”聚焦艺术与生活水乳交融的动人场景;“十二星”点亮十二艺节期间并非舞台中央的角儿,但是依然有着主角光环的普通人;今起推出的...", "answer": 4}
{"id": 47, "candidates": ["鼎鼎大名", "慷慨激昂", "一时半刻", "自顾不暇", "竹篮打水", "雨后春笋", "御驾亲征"], "content": "大宋和辽国为了和平,相互派出质子,相约在三年后归还。可是辽国的王子却被西夏给抓走了。萧绰一怒之下,派兵攻打大宋。还把刘娥和大皇子刘吉带在军中。 情势非常的危机,寇准等主战派主张皇帝赵恒#idiom#,给前线的战士们鼓舞士气。寇准...", "answer": 6}
{"id": 278, "candidates": ["哑口无言", "泥牛入海", "魂飞魄散", "抛砖引玉", "弄巧成拙", "念念有词", "一门心思"], "content": "4月1日,郑州市华容街,一名穿红衣服的年轻女子,每天晚上12点多,准时来到大上海城夜市场一角落,跪着对墙面壁,嘴里还#idiom#。关键是别人和她交流她也不和人沟通,经询问附近商户,得知此女子每晚夜半来此跪地近十天了。管城北下街治安...", "answer": 5}
{"id": 663, "candidates": ["感恩图报", "左思右想", "死心塌地", "草木皆兵", "不堪回首", "不由分说", "脱口而出"], "content": "对于有 抱负敢于冲在前锋的人,最好的方式就是给予肯定,尊重他的选择,这样能激发他们的斗志,你在他们的面前就是伯乐,他们会#idiom#的支持并协助你! 以上几句就是是出自《鬼谷子》这本书,记住这三条,即便没有人脉资源也能迅速收获朋...", "answer": 2}
{"id": 859, "candidates": ["戒骄戒躁", "火烧眉毛", "为所欲为", "自愧弗如", "祸从口出", "情深义重", "生搬硬套"], "content": "《白蛇:情劫》从故事背景到服道化、从美术到场景都跟《白蛇:缘起》无二,不过并没有做到极致,和《白蛇:缘起》差距很大,故事背景和场景照抄就算了,没想到很多台词都是#idiom#过来的,还有什么渡江、约会、雄黄酒、以身取暖、生离死别...", "answer": 6}
{"id": 1232, "candidates": ["全心全意", "无穷无尽", "无坚不摧", "毫无二致", "大家闺秀", "例行公事", "无事生非"], "content": "警方眼里无小事,#idiom#为民生 鹤山公安 自开展队伍教育整顿活动以来 积极投入到 “我为群众办实事”实践当中 立足岗位恪尽职守 心系群众无私奉献 忙小事、办实事、解难事 推进亲民、便民、利民举措、...", "answer": 0}
{"id": 104, "candidates": ["有眼无珠", "以卵投石", "天经地义", "坚贞不屈", "无伤大雅", "众所共知", "人间天堂"], "content": "《云游》#idiom# 她所在的团队负责测试毒死这些害兽的毒药,先把毒药注射到鸟蛋里,作为诱饵放在木笼子里,再散布到树林和灌木丛中。这种毒药必须见效快,符合人道主义精神。并具有高度可降解性,在害兽被毒死后,不会殃及大量昆虫。一种...", "answer": 6}
{"id": 818, "candidates": ["心血来潮", "随遇而安", "悲天悯人", "无理取闹", "不闻不问", "造谣生事", "扑朔迷离"], "content": "以上业务开展并非公司#idiom#,相关业务均为公司主营业务类似或配套业务,公司也均在相关业务方面探索沉淀多年,已积累较为丰富的行业经验。 资源配置方面,公司会根据现有资源及各业务发展进度与规划,对资源总额和事业部投资实行限额管控,...", "answer": 0}
{"id": 457, "candidates": ["从善如流", "衣食住行", "风和日丽", "不同凡响", "三长两短", "面授机宜", "良辰吉日"], "content": "记者4月3日获悉,为弘扬民族传统节日文化内涵,缅怀革命先烈,倡导孝道亲情,河北省非遗保护中心在清明节期间推出“我们的节日·#idiom#过清明——河北省非物质文化遗产系列网络活动”。 此次活动内容包括三个板块:“清明时节话清明”,以...", "answer": 2}
{"id": 1436, "candidates": ["正中下怀", "忧心忡忡", "纵横驰骋", "所见所闻", "一模一样", "面目一新", "为非作歹"], "content": "当看到中小学义务教育有可能延长一年的消息,让很多家长开始#idiom#。 网上有的教育专家也纷纷发文表示:倘若义务教育去延长,给很多家庭带来的压力会很大。 就如上面所提及的,原本现在教育历程走完大学结束,孩子都要24岁了,再延长下去,岂...", "answer": 1}
{"id": 357, "candidates": ["人面兽心", "鼎鼎大名", "风驰电掣", "熙来攘往", "肃然起敬", "汹涌澎湃", "争风吃醋"], "content": "古时#idiom#的“契丹族”,是如今的什么民族?你可能想不到 中国自古以来便是一个多民族国家,特别是在宋朝,辽国、西夏、金国等少数民族先后崛起,而在这些民族中,契丹的影响力是比较大的,最鼎盛时占据了半壁江山。北宋才建立时,军力还...", "answer": 1}
{"id": 395, "candidates": ["心如止水", "雅俗共赏", "爱屋及乌", "乐极则悲", "自不量力", "喜不自胜", "古色古香"], "content": "秦陇风味 #idiom#美味陕西菜 包括陕西、甘肃、宁夏、青海、新疆等地方风味,是大西北风味的简称,而以陕西菜、甘肃菜菜具有代表性。在春秋战国时代。陕西为秦国治地,故简称\"秦\"。甘肃省境大都在陇山之西,古代曾有\"陇西郡\"、\"陇右郡...", "answer": 6}
{"id": 875, "candidates": ["朗朗上口", "成家立业", "倒背如流", "身体发肤", "常年累月", "替天行道", "巧言令色"], "content": "香港东网11月1日报道,一名韩国男子突然于今早驾驶挖泥机,闯进拘留崔顺实的首尔中央地方检察厅,声称要替崔顺实执行死刑。该名男子驾驶挖泥机横冲直撞,导致检察厅多处设施受损及多名执法人员受伤,他最终被捕。 据悉,该名要“#idiom#”...", "answer": 5}
{"id": 24, "candidates": ["造谣生事", "谨小慎微", "难言之隐", "急功近利", "欢天喜地", "自成一格", "万人空巷"], "content": "大部分的大功告成都是由无数个#idiom#累积而来,做好每一件应该做好的小事绝不是一件小事。 《你好李焕英》主要讲了贾玲意外穿越到了母亲年轻的时候,和母亲一起感受了她的生活和情感。这故事是根据贾玲的亲生经历改编而来, ...", "answer": 1}
{"id": 1009, "candidates": ["自暴自弃", "世态炎凉", "不亢不卑", "披头散发", "未老先衰", "拔刀相向", "四大皆空"], "content": "我发现其实很多姐妹都是这样,觉得自己脸型五官不完美就得天天#idiom#,以为这样把我们脸部的缺点全遮住就是最显脸小的方法非也非也。相反有些“问题”脸型,扎发会明显比披发显脸小好看很多。不信?!今天本七就开课,跟大家展开说说有...", "answer": 3}
{"id": 703, "candidates": ["夺眶而出", "劳民伤财", "吹毛求疵", "箭在弦上", "一锤定音", "犯上作乱", "一团漆黑"], "content": "不仅愚蠢,重则#idiom#,轻则伤心伤感情,打击自己对生活的热情。 其实,刷存在感最致命的一个死结,基本是无解的,就是他人的眼光,但凡人家不鸟这些刷存在感的人和事,就无计可施了。 再说,自己表演半天,不浪费时间吗? 有时候,为此...", "answer": 1}
{"id": 408, "candidates": ["胡说八道", "胆战心惊", "合盘托出", "痛改前非", "战战兢兢", "敬而远之", "下里巴人"], "content": "真正传统书法入了门,很容易就能看出,一些自媒体账号罗列的陈宝国作品纯粹是欺骗大众,以此为根据大加赞美更是#idiom#了。其中有些字真不是陈宝国能写出来的,不是这字有多好,而是这种字习气太重了。习气就是在学习书法过程中下过大功...", "answer": 0}
{"id": 972, "candidates": ["养家糊口", "阴错阳差", "处之泰然", "优柔寡断", "苟延残喘", "千变万化", "专心致志"], "content": "今天我们要说的这个国家,那里的男性可以说是全球男性中最“懒惰”,婚后立马“退休”,靠着老婆#idiom#,这到底是哪个国家? 老挝,全称为老挝人民民主共和国,国土面积为23.68万平方公里,属于世界最不发达的国家之一,主要以农业为主,工业...", "answer": 0}
{"id": 1363, "candidates": ["天作之合", "奴颜婢膝", "指名道姓", "别有风味", "炉火纯青", "小心翼翼", "虚怀若谷"], "content": "在娱乐圈中,邓紫棋与华晨宇的绯闻从来没有停止过,不过在2019年时,邓紫棋也做出过回应,她称:自己曾经确实有一段感情,但因为迫不得已如今已经分开了。虽然当时邓紫棋并未#idiom#的说对方就是华晨宇,但也算就此了结了俩人的感情过往,外...", "answer": 2}
{"id": 787, "candidates": ["小家碧玉", "狼吞虎咽", "冠冕堂皇", "发财致富", "当之无愧", "争先恐后", "凶相毕露"], "content": "小米11 Ultra在照片模式下,从白天到夜晚的光照条件里,以及从广角到长焦远摄的所有变焦设置中,表现都很出色;视频录制方面也没有任何明显的缺点,在DXOMARK Camera排名中夺魁,可说是#idiom#。 (校对/叶子) 举报/反馈 发表评论 发表  ...", "answer": 4}
{"id": 949, "candidates": ["归心似箭", "无往不克", "一事无成", "骑虎难下", "饱经忧患", "放虎归山", "如数家珍"], "content": "如今,很多人35岁了,依旧#idiom#。在奔四的这拨人当中,虽然我们不愿意去承认年纪的增长,但内心隐隐约约觉得自己不再年少,身体和精力也是一年不如一年。 赚钱,钱没赚到,顾家,家没顾上。 于是,你慌了。 其实,所谓的中年危机,其实...", "answer": 2}
