{"id": 0, "sentence1": "在我心里永远有个你", "sentence2": "你永远活在他心里", "label": "0"}
{"id": 1, "sentence1": "刺激战场好玩吗", "sentence2": "你玩过刺激战场吗", "label": "0"}
{"id": 2, "sentence1": "为什么要回到主页", "sentence2": "请帮我返回主页", "label": "0"}
{"id": 3, "sentence1": "不让妈妈催我相亲", "sentence2": "不让妈妈催我生娃", "label": "0"}
{"id": 4, "sentence1": "你可以的我相信你", "sentence2": "我相信你的干", "label": "0"}
{"id": 5, "sentence1": "你耳朵聋了吗", "sentence2": "你是不是耳朵不好", "label": "0"}
{"id": 6, "sentence1": "你有脑袋吗你", "sentence2": "你有脑袋吗", "label": "1"}
{"id": 7, "sentence1": "电量充电缓慢", "sentence2": "充电打游戏，充电慢", "label": "0"}
{"id": 8, "sentence1": "咱们必须要一起加油", "sentence2": "咱们一起加油", "label": "1"}
{"id": 9, "sentence1": "我们昨天", "sentence2": "我前天昨天", "label": "0"}
{"id": 10, "sentence1": "要怎么说都行", "sentence2": "说啥都行", "label": "1"}
{"id": 11, "sentence1": "傻人真的有傻福吗", "sentence2": "一个人是不是傻", "label": "0"}
{"id": 12, "sentence1": "oppowatch连接范围", "sentence2": "watch连接", "label": "0"}
{"id": 13, "sentence1": "你还太小", "sentence2": "你实在是太年轻了", "label": "1"}
{"id": 14, "sentence1": "提高你的声音", "sentence2": "你的声音好小", "label": "0"}
{"id": 15, "sentence1": "你以后要叫我什么", "sentence2": "以后怎么称呼我呢你", "label": "1"}
{"id": 16, "sentence1": "我想看小布的照片", "sentence2": "嘿小布打开我的相册", "label": "0"}
{"id": 17, "sentence1": "A7手机是否支持otg功能", "sentence2": "A5手机是否支持OTG", "label": "0"}
{"id": 18, "sentence1": "你这是怎么了", "sentence2": "你怎么变成这样了", "label": "0"}
{"id": 19, "sentence1": "能不能换句话", "sentence2": "能否换句话", "label": "1"}
{"id": 20, "sentence1": "别说话了你", "sentence2": "我不想听你说话了", "label": "1"}
{"id": 21, "sentence1": "我想说脏话", "sentence2": "我要不要现在说脏话", "label": "0"}
{"id": 22, "sentence1": "欢迎你来", "sentence2": "欢太欢迎你", "label": "0"}
{"id": 23, "sentence1": "你男的女生", "sentence2": "你男生女生", "label": "1"}
{"id": 24, "sentence1": "自己的事情自己解决", "sentence2": "自己的事情自己做", "label": "1"}
{"id": 25, "sentence1": "poopa73", "sentence2": "oppoA37t", "label": "0"}
{"id": 26, "sentence1": "一加是国企还是私企", "sentence2": "私企包括一加吗", "label": "0"}
{"id": 27, "sentence1": "我要走了你会想我吗", "sentence2": "如果我走了你会想我吗", "label": "1"}
{"id": 28, "sentence1": "什么机型有充电提示音", "sentence2": "开机充电有什么提示", "label": "0"}
{"id": 29, "sentence1": "R9Plus的屏幕介绍", "sentence2": "r9splus屏幕价格", "label": "0"}
{"id": 30, "sentence1": "你妈妈的容貌是什么样的", "sentence2": "你说你妈妈长得是什么样子", "label": "1"}
{"id": 31, "sentence1": "ace2支持反向无线充电么", "sentence2": "ACE支持无线闪充么", "label": "0"}
