{"id": 0, "sentence1": "叫爸爸叫一声我听听", "sentence2": "那你叫我一声爸爸", "label": "1"}
{"id": 1, "sentence1": "十亿韩元等于多少人民币", "sentence2": "一百元人民币", "label": "0"}
{"id": 2, "sentence1": "我喜欢你那你喜欢我吗", "sentence2": "你喜欢我不我也喜欢你", "label": "0"}
{"id": 3, "sentence1": "你晚上吃了什么", "sentence2": "你晚上吃啥了", "label": "1"}
{"id": 4, "sentence1": "我想打开滴滴叫的士", "sentence2": "你叫小欧吗", "label": "0"}
{"id": 5, "sentence1": "女孩子到底是不是你", "sentence2": "你不是女孩子吗", "label": "1"}
{"id": 6, "sentence1": "他说他听得出来他话里有话", "sentence2": "听得出来", "label": "0"}
{"id": 7, "sentence1": "你都会些什么呀", "sentence2": "你还可以干嘛", "label": "1"}
{"id": 8, "sentence1": "语音助手在哪找", "sentence2": "语音助手在哪", "label": "1"}
{"id": 9, "sentence1": "你能嘴甜一点吗", "sentence2": "说点好听的", "label": "1"}
{"id": 10, "sentence1": "你会石头剪刀不吗", "sentence2": "你会玩石头剪刀布吗", "label": "1"}
{"id": 11, "sentence1": "你觉得爱你好不好听", "sentence2": "打开爱听4g", "label": "0"}
{"id": 12, "sentence1": "今天的重点", "sentence2": "两会热点", "label": "0"}
{"id": 13, "sentence1": "不要忽悠我", "sentence2": "你不能忽悠我啊", "label": "0"}
{"id": 14, "sentence1": "就聊一聊啊", "sentence2": "那就聊呗", "label": "1"}
{"id": 15, "sentence1": "老子不喜欢你", "sentence2": "我可不爱你", "label": "1"}
{"id": 16, "sentence1": "我好伤心", "sentence2": "你不喜欢我呀", "label": "0"}
{"id": 17, "sentence1": "你可不可以想起来", "sentence2": "想到了吗", "label": "1"}
{"id": 18, "sentence1": "小影,你说话慢了", "sentence2": "那你说慢一点", "label": "0"}
{"id": 19, "sentence1": "阿伟死了", "sentence2": "阿伟死了是什么梗", "label": "0"}
{"id": 20, "sentence1": "终于出来了", "sentence2": "终于出来了吗", "label": "1"}
{"id": 21, "sentence1": "滚边儿去", "sentence2": "你滚一边去", "label": "0"}
{"id": 22, "sentence1": "我觉得还要加油", "sentence2": "那就继续加油吧", "label": "1"}
{"id": 23, "sentence1": "我不需要你", "sentence2": "我不需要你啦", "label": "1"}
{"id": 24, "sentence1": "夸夸我呗", "sentence2": "你可以夸夸我呗", "label": "1"}
{"id": 25, "sentence1": "你的对象是谁", "sentence2": "处对象不妞", "label": "0"}
{"id": 26, "sentence1": "没有蓝牙", "sentence2": "为什么电视有广告", "label": "0"}
{"id": 27, "sentence1": "氛围帅哥的出处", "sentence2": "氛围帅哥", "label": "0"}
{"id": 28, "sentence1": "搞这个事嘛", "sentence2": "就这个事", "label": "0"}
{"id": 29, "sentence1": "诸组词", "sentence2": "逐渐的近义词", "label": "0"}
{"id": 30, "sentence1": "帮我播放百科故事", "sentence2": "播放百科故事", "label": "1"}
{"id": 31, "sentence1": "王一博的原名是什么", "sentence2": "王一博的原名叫什么", "label": "1"}
