{"id": 0, "sentence1": "叫爸爸叫一声我听听", "sentence2": "那你叫我一声爸爸", "label": "1"}
{"id": 1, "sentence1": "十亿韩元等于多少人民币", "sentence2": "一百元人民币", "label": "0"}
{"id": 2, "sentence1": "我喜欢你那你喜欢我吗", "sentence2": "你喜欢我不我也喜欢你", "label": "0"}
{"id": 3, "sentence1": "你晚上吃了什么", "sentence2": "你晚上吃啥了", "label": "1"}
{"id": 4, "sentence1": "我想打开滴滴叫的士", "sentence2": "你叫小欧吗", "label": "0"}
{"id": 5, "sentence1": "女孩子到底是不是你", "sentence2": "你不是女孩子吗", "label": "1"}
{"id": 6, "sentence1": "他说他听得出来他话里有话", "sentence2": "听得出来", "label": "0"}
{"id": 7, "sentence1": "你都会些什么呀", "sentence2": "你还可以干嘛", "label": "1"}
{"id": 8, "sentence1": "语音助手在哪找", "sentence2": "语音助手在哪", "label": "1"}
{"id": 9, "sentence1": "你能嘴甜一点吗", "sentence2": "说点好听的", "label": "1"}
{"id": 10, "sentence1": "你会石头剪刀不吗", "sentence2": "你会玩石头剪刀布吗", "label": "1"}
{"id": 11, "sentence1": "你觉得爱你好不好听", "sentence2": "打开爱听4g", "label": "0"}
{"id": 12, "sentence1": "今天的重点", "sentence2": "两会热点", "label": "0"}
{"id": 13, "sentence1": "不要忽悠我", "sentence2": "你不能忽悠我啊", "label": "0"}
{"id": 14, "sentence1": "就聊一聊啊", "sentence2": "那就聊呗", "label": "1"}
{"id": 15, "sentence1": "老子不喜欢你", "sentence2": "我可不爱你", "label": "1"}
{"id": 16, "sentence1": "我好伤心", "sentence2": "你不喜欢我呀", "label": "0"}
{"id": 17, "sentence1": "你可不可以想起来", "sentence2": "想到了吗", "label": "1"}
{"id": 18, "sentence1": "小影,你说话慢了", "sentence2": "那你说慢一点", "label": "0"}
{"id": 19, "sentence1": "阿伟死了", "sentence2": "阿伟死了是什么梗", "label": "0"}
{"id": 20, "sentence1": "终于出来了", "sentence2": "终于出来了吗", "label": "1"}
{"id": 21, "sentence1": "滚边儿去", "sentence2": "你滚一边去", "label": "0"}
{"id": 22, "sentence1": "我觉得还要加油", "sentence2": "那就继续加油吧", "label": "1"}
{"id": 23, "sentence1": "我不需要你", "sentence2": "我不需要你啦", "label": "1"}
{"id": 24, "sentence1": "夸夸我呗", "sentence2": "你可以夸夸我呗", "label": "1"}
{"id": 25, "sentence1": "你的对象是谁", "sentence2": "处对象不妞", "label": "0"}
{"id": 26, "sentence1": "没有蓝牙", "sentence2": "为什么电视有广告", "label": "0"}
{"id": 27, "sentence1": "氛围帅哥的出处", "sentence2": "氛围帅哥", "label": "0"}
{"id": 28, "sentence1": "搞这个事嘛", "sentence2": "就这个事", "label": "0"}
{"id": 29, "sentence1": "诸组词", "sentence2": "逐渐的近义词", "label": "0"}
{"id": 30, "sentence1": "帮我播放百科故事", "sentence2": "播放百科故事", "label": "1"}
{"id": 31, "sentence1": "王一博的原名是什么", "sentence2": "王一博的原名叫什么", "label": "1"}
{"id": 32, "sentence1": "Colours11", "sentence2": "coloros7", "label": "0"}
{"id": 33, "sentence1": "小布王一博和朱一龙哪个好看", "sentence2": "这个王一博你喜欢吗", "label": "0"}
{"id": 34, "sentence1": "这样说的话好玩", "sentence2": "这样行吗我说一句话", "label": "0"}
{"id": 35, "sentence1": "你的火气大吗", "sentence2": "你火气大不大", "label": "1"}
{"id": 36, "sentence1": "读未读信息", "sentence2": "听到这个消息", "label": "0"}
{"id": 37, "sentence1": "你吃的什么", "sentence2": "吃的什么", "label": "1"}
{"id": 38, "sentence1": "你为什么不知道我呀", "sentence2": "是什么渠道让你知道我的", "label": "0"}
{"id": 39, "sentence1": "你的唯一是我吗", "sentence2": "我是你的唯一吗", "label": "1"}
{"id": 40, "sentence1": "你用qq吗", "sentence2": "用QQ发一条信息", "label": "0"}
{"id": 41, "sentence1": "一人民币等于多少卢布", "sentence2": "人民币和日元的汇率", "label": "0"}
{"id": 42, "sentence1": "我就要骂你", "sentence2": "我要骂你", "label": "1"}
{"id": 43, "sentence1": "那不算什么", "sentence2": "别这么夸张好吗", "label": "0"}
{"id": 44, "sentence1": "我的网络不行", "sentence2": "打个游戏卡死了", "label": "0"}
{"id": 45, "sentence1": "r15梦镜版充电提示异常", "sentence2": "欧跑ace二的充电显示在哪里看", "label": "0"}
{"id": 46, "sentence1": "写一篇作文", "sentence2": "怎么写作文", "label": "0"}
{"id": 47, "sentence1": "保修卡包括修屏幕吗", "sentence2": "屏幕碎了保修吗", "label": "1"}
{"id": 48, "sentence1": "你没有优秀的地方", "sentence2": "你一点也不优秀", "label": "1"}
{"id": 49, "sentence1": "咱们必须要一起加油", "sentence2": "咱们一起加油", "label": "1"}
{"id": 50, "sentence1": "心情很不好的", "sentence2": "心情不好睡不着觉", "label": "0"}
{"id": 51, "sentence1": "这确实不好笑", "sentence2": "这一点都不好笑", "label": "1"}
{"id": 52, "sentence1": "不见了那你的手机呢快看看", "sentence2": "不见了那他的妹妹的手机呢快看看", "label": "0"}
{"id": 53, "sentence1": "我这天太冷喽", "sentence2": "我觉得很冷", "label": "0"}
{"id": 54, "sentence1": "你不实在", "sentence2": "你不靠谱啊", "label": "1"}
{"id": 55, "sentence1": "我什么时候会死", "sentence2": "我什么时候可以到家", "label": "0"}
{"id": 56, "sentence1": "今年天气怎样", "sentence2": "今年天气怎么这么热？", "label": "0"}
{"id": 57, "sentence1": "你可以学声狗叫给我听吗", "sentence2": "你给我学声狗叫", "label": "1"}
{"id": 58, "sentence1": "你听过绝地求生吗", "sentence2": "绝地求生", "label": "0"}
{"id": 59, "sentence1": "我太恶心了", "sentence2": "我还是太恶心了", "label": "1"}
{"id": 60, "sentence1": "我用什么方法能唤醒你", "sentence2": "我怎么能唤醒你", "label": "1"}
{"id": 61, "sentence1": "你的普通话不标准", "sentence2": "你的普通话好不标准", "label": "1"}
{"id": 62, "sentence1": "你说一种找你的方法", "sentence2": "我怎么找你啊", "label": "0"}
{"id": 63, "sentence1": "操作系统更新电量消耗快速", "sentence2": "系统更新后电量消耗过快", "label": "1"}
{"id": 64, "sentence1": "在我心里永远有个你", "sentence2": "你永远活在他心里", "label": "0"}
{"id": 65, "sentence1": "刺激战场好玩吗", "sentence2": "你玩过刺激战场吗", "label": "0"}
{"id": 66, "sentence1": "为什么要回到主页", "sentence2": "请帮我返回主页", "label": "0"}
{"id": 67, "sentence1": "不让妈妈催我相亲", "sentence2": "不让妈妈催我生娃", "label": "0"}
{"id": 68, "sentence1": "你可以的我相信你", "sentence2": "我相信你的干", "label": "0"}
{"id": 69, "sentence1": "你耳朵聋了吗", "sentence2": "你是不是耳朵不好", "label": "0"}
{"id": 70, "sentence1": "你有脑袋吗你", "sentence2": "你有脑袋吗", "label": "1"}
{"id": 71, "sentence1": "电量充电缓慢", "sentence2": "充电打游戏，充电慢", "label": "0"}
{"id": 72, "sentence1": "咱们必须要一起加油", "sentence2": "咱们一起加油", "label": "1"}
{"id": 73, "sentence1": "我们昨天", "sentence2": "我前天昨天", "label": "0"}
{"id": 74, "sentence1": "要怎么说都行", "sentence2": "说啥都行", "label": "1"}
{"id": 75, "sentence1": "傻人真的有傻福吗", "sentence2": "一个人是不是傻", "label": "0"}
{"id": 76, "sentence1": "oppowatch连接范围", "sentence2": "watch连接", "label": "0"}
{"id": 77, "sentence1": "你还太小", "sentence2": "你实在是太年轻了", "label": "1"}
{"id": 78, "sentence1": "提高你的声音", "sentence2": "你的声音好小", "label": "0"}
{"id": 79, "sentence1": "你以后要叫我什么", "sentence2": "以后怎么称呼我呢你", "label": "1"}
{"id": 80, "sentence1": "我想看小布的照片", "sentence2": "嘿小布打开我的相册", "label": "0"}
{"id": 81, "sentence1": "A7手机是否支持otg功能", "sentence2": "A5手机是否支持OTG", "label": "0"}
{"id": 82, "sentence1": "你这是怎么了", "sentence2": "你怎么变成这样了", "label": "0"}
{"id": 83, "sentence1": "能不能换句话", "sentence2": "能否换句话", "label": "1"}
{"id": 84, "sentence1": "别说话了你", "sentence2": "我不想听你说话了", "label": "1"}
{"id": 85, "sentence1": "我想说脏话", "sentence2": "我要不要现在说脏话", "label": "0"}
{"id": 86, "sentence1": "欢迎你来", "sentence2": "欢太欢迎你", "label": "0"}
{"id": 87, "sentence1": "你男的女生", "sentence2": "你男生女生", "label": "1"}
{"id": 88, "sentence1": "自己的事情自己解决", "sentence2": "自己的事情自己做", "label": "1"}
{"id": 89, "sentence1": "poopa73", "sentence2": "oppoA37t", "label": "0"}
{"id": 90, "sentence1": "一加是国企还是私企", "sentence2": "私企包括一加吗", "label": "0"}
{"id": 91, "sentence1": "我要走了你会想我吗", "sentence2": "如果我走了你会想我吗", "label": "1"}
{"id": 92, "sentence1": "什么机型有充电提示音", "sentence2": "开机充电有什么提示", "label": "0"}
{"id": 93, "sentence1": "R9Plus的屏幕介绍", "sentence2": "r9splus屏幕价格", "label": "0"}
{"id": 94, "sentence1": "你妈妈的容貌是什么样的", "sentence2": "你说你妈妈长得是什么样子", "label": "1"}
{"id": 95, "sentence1": "ace2支持反向无线充电么", "sentence2": "ACE支持无线闪充么", "label": "0"}
{"id": 96, "sentence1": "我怎么可能想跟你分开", "sentence2": "我不想和你分开", "label": "1"}
{"id": 97, "sentence1": "你怎么这么慢呀", "sentence2": "你慢的可以啊", "label": "1"}
{"id": 98, "sentence1": "我们昨天", "sentence2": "我前天昨天", "label": "0"}
{"id": 99, "sentence1": "爱豆糊了是什么意思", "sentence2": "糊是什么意思", "label": "0"}
{"id": 100, "sentence1": "一天天的就知道吃", "sentence2": "就知道吃", "label": "1"}
{"id": 101, "sentence1": "我咋关机啊", "sentence2": "话说我咋关机啊", "label": "1"}
{"id": 102, "sentence1": "你走吧我不会想你了", "sentence2": "我不想你了", "label": "1"}
{"id": 103, "sentence1": "你的爸爸是谁", "sentence2": "你爹地是谁", "label": "1"}
{"id": 104, "sentence1": "我够格做你的男人吗", "sentence2": "我当你男朋友好不好", "label": "1"}
{"id": 105, "sentence1": "你敢要拒却我吗", "sentence2": "你敢拒绝我吗", "label": "1"}
{"id": 106, "sentence1": "话说我是不是要睡觉了", "sentence2": "我是不是要睡觉了", "label": "1"}
{"id": 107, "sentence1": "刺激战场好玩吗", "sentence2": "你玩过刺激战场吗", "label": "0"}
{"id": 108, "sentence1": "你一定不知道我喜欢吃什么", "sentence2": "我喜欢吃什么", "label": "0"}
{"id": 109, "sentence1": "她们老婆很歉疚请原谅", "sentence2": "我很歉疚请原谅", "label": "0"}
{"id": 110, "sentence1": "更新固件提示失败", "sentence2": "固件升级失败", "label": "1"}
{"id": 111, "sentence1": "你是什么狗东西", "sentence2": "你是不是有病呀", "label": "0"}
{"id": 112, "sentence1": "你生气了吗", "sentence2": "你生没生气啊", "label": "1"}
{"id": 113, "sentence1": "你知道怎么聊天吗", "sentence2": "他们聊天吧", "label": "0"}
{"id": 114, "sentence1": "我要向你学习", "sentence2": "我觉得我应该向你学习", "label": "1"}
{"id": 115, "sentence1": "其实我老婆有暴力行为", "sentence2": "其实我有暴力行为", "label": "0"}
{"id": 116, "sentence1": "r11s手机的cpu", "sentence2": "oppor11s接口", "label": "0"}
{"id": 117, "sentence1": "帮我把手电筒关闭了", "sentence2": "你好帮我打开手电筒", "label": "0"}
{"id": 118, "sentence1": "Colours11", "sentence2": "coloros7", "label": "0"}
{"id": 119, "sentence1": "二十除以六", "sentence2": "八加八", "label": "0"}
{"id": 120, "sentence1": "我手机是不是国产手机", "sentence2": "国产手机哪个好", "label": "0"}
{"id": 121, "sentence1": "5G开关在哪里", "sentence2": "OTG开关在哪里", "label": "0"}
{"id": 122, "sentence1": "播放过一个", "sentence2": "播放一下呀", "label": "0"}
{"id": 123, "sentence1": "我这个手机是OPPO几", "sentence2": "我这个手OPPO手机是几。", "label": "1"}
{"id": 124, "sentence1": "本机可以防永吗", "sentence2": "我手机可以开通eid", "label": "0"}
{"id": 125, "sentence1": "你咋不听话呢", "sentence2": "咋不听话", "label": "1"}
{"id": 126, "sentence1": "用夸人语录夸我长得好看", "sentence2": "小布夸夸三小只", "label": "0"}
{"id": 127, "sentence1": "他是不是不爱我了", "sentence2": "是不是不爱我了", "label": "0"}
{"id": 128, "sentence1": "夸我一句", "sentence2": "麻烦你夸我一下", "label": "1"}
{"id": 129, "sentence1": "程序通知在锁屏界面上，怎么弄呢", "sentence2": "如何清除锁屏里面的广告？", "label": "0"}
{"id": 130, "sentence1": "今天双色球开奖号码", "sentence2": "今晚双色球开奖结果", "label": "1"}
{"id": 131, "sentence1": "你有收音机吗", "sentence2": "你有收音机的吧", "label": "1"}
{"id": 132, "sentence1": "手机无法下载软件", "sentence2": "手机不能下载软件", "label": "1"}
{"id": 133, "sentence1": "还真的要生气了", "sentence2": "我很生气", "label": "0"}
{"id": 134, "sentence1": "怎么知道手机用了多长时间", "sentence2": "怎么查询手机使用多长时间", "label": "1"}
{"id": 135, "sentence1": "我换手机了", "sentence2": "我要换个手机", "label": "0"}
{"id": 136, "sentence1": "你有多大了", "sentence2": "你有那么多的", "label": "0"}
{"id": 137, "sentence1": "那我就说慢一点", "sentence2": "我就说快一点", "label": "0"}
{"id": 138, "sentence1": "我已经生气了", "sentence2": "我非常生气", "label": "0"}
{"id": 139, "sentence1": "你能唱首歌给我", "sentence2": "你给我唱首歌吧", "label": "1"}
{"id": 140, "sentence1": "母亲节是几月几日", "sentence2": "你的生日是几月几日", "label": "0"}
{"id": 141, "sentence1": "我觉得你是帅哥一枚", "sentence2": "你是帅哥", "label": "1"}
{"id": 142, "sentence1": "这都不知道", "sentence2": "十二还不知道吗", "label": "0"}
{"id": 143, "sentence1": "要说黑不是黑黑", "sentence2": "眼前的黑不是黑", "label": "0"}
{"id": 144, "sentence1": "没人跟我聊天", "sentence2": "一直没人跟我聊天", "label": "1"}
{"id": 145, "sentence1": "想要这个", "sentence2": "我想要这个", "label": "1"}
{"id": 146, "sentence1": "人山人海的意思是什么", "sentence2": "翻来覆去什么意思", "label": "0"}
{"id": 147, "sentence1": "好的你去忙吧", "sentence2": "那你去忙吧", "label": "1"}
{"id": 148, "sentence1": "请问我没钱了咋整", "sentence2": "你知道吗没钱了咋整吗", "label": "1"}
{"id": 149, "sentence1": "游戏里的土味情话", "sentence2": "你有哪些土味情话", "label": "0"}
{"id": 150, "sentence1": "送你回去", "sentence2": "立刻回去吧", "label": "0"}
{"id": 151, "sentence1": "守株待兔的出处", "sentence2": "不可名状的意思", "label": "0"}
{"id": 152, "sentence1": "我也无所谓", "sentence2": "不管对错我也无所谓了", "label": "1"}
{"id": 153, "sentence1": "你就是说我说我想找什么就", "sentence2": "我就是说你说你想找什么就", "label": "0"}
{"id": 154, "sentence1": "男演员用英语怎么说", "sentence2": "蔬菜的英语怎么说", "label": "0"}
{"id": 155, "sentence1": "我以为你们还记着呢", "sentence2": "你们都忘了", "label": "1"}
{"id": 156, "sentence1": "你在哪工作", "sentence2": "请你告诉我你在哪工作", "label": "1"}
{"id": 157, "sentence1": "我在床上的时候等你", "sentence2": "我在床上等你", "label": "1"}
{"id": 158, "sentence1": "哪里能看匆匆那年电影？", "sentence2": "匆匆那年电影", "label": "0"}
{"id": 159, "sentence1": "今天你穿什么了", "sentence2": "你现在穿什么", "label": "0"}
