{"id": 0, "sentence1": "Colours11", "sentence2": "coloros7", "label": "0"}
{"id": 1, "sentence1": "小布王一博和朱一龙哪个好看", "sentence2": "这个王一博你喜欢吗", "label": "0"}
{"id": 2, "sentence1": "这样说的话好玩", "sentence2": "这样行吗我说一句话", "label": "0"}
{"id": 3, "sentence1": "你的火气大吗", "sentence2": "你火气大不大", "label": "1"}
{"id": 4, "sentence1": "读未读信息", "sentence2": "听到这个消息", "label": "0"}
{"id": 5, "sentence1": "你吃的什么", "sentence2": "吃的什么", "label": "1"}
{"id": 6, "sentence1": "你为什么不知道我呀", "sentence2": "是什么渠道让你知道我的", "label": "0"}
{"id": 7, "sentence1": "你的唯一是我吗", "sentence2": "我是你的唯一吗", "label": "1"}
{"id": 8, "sentence1": "你用qq吗", "sentence2": "用QQ发一条信息", "label": "0"}
{"id": 9, "sentence1": "一人民币等于多少卢布", "sentence2": "人民币和日元的汇率", "label": "0"}
{"id": 10, "sentence1": "我就要骂你", "sentence2": "我要骂你", "label": "1"}
{"id": 11, "sentence1": "那不算什么", "sentence2": "别这么夸张好吗", "label": "0"}
{"id": 12, "sentence1": "我的网络不行", "sentence2": "打个游戏卡死了", "label": "0"}
{"id": 13, "sentence1": "r15梦镜版充电提示异常", "sentence2": "欧跑ace二的充电显示在哪里看", "label": "0"}
{"id": 14, "sentence1": "写一篇作文", "sentence2": "怎么写作文", "label": "0"}
{"id": 15, "sentence1": "保修卡包括修屏幕吗", "sentence2": "屏幕碎了保修吗", "label": "1"}
{"id": 16, "sentence1": "你没有优秀的地方", "sentence2": "你一点也不优秀", "label": "1"}
{"id": 17, "sentence1": "咱们必须要一起加油", "sentence2": "咱们一起加油", "label": "1"}
{"id": 18, "sentence1": "心情很不好的", "sentence2": "心情不好睡不着觉", "label": "0"}
{"id": 19, "sentence1": "这确实不好笑", "sentence2": "这一点都不好笑", "label": "1"}
{"id": 20, "sentence1": "不见了那你的手机呢快看看", "sentence2": "不见了那他的妹妹的手机呢快看看", "label": "0"}
{"id": 21, "sentence1": "我这天太冷喽", "sentence2": "我觉得很冷", "label": "0"}
{"id": 22, "sentence1": "你不实在", "sentence2": "你不靠谱啊", "label": "1"}
{"id": 23, "sentence1": "我什么时候会死", "sentence2": "我什么时候可以到家", "label": "0"}
{"id": 24, "sentence1": "今年天气怎样", "sentence2": "今年天气怎么这么热？", "label": "0"}
{"id": 25, "sentence1": "你可以学声狗叫给我听吗", "sentence2": "你给我学声狗叫", "label": "1"}
{"id": 26, "sentence1": "你听过绝地求生吗", "sentence2": "绝地求生", "label": "0"}
{"id": 27, "sentence1": "我太恶心了", "sentence2": "我还是太恶心了", "label": "1"}
{"id": 28, "sentence1": "我用什么方法能唤醒你", "sentence2": "我怎么能唤醒你", "label": "1"}
{"id": 29, "sentence1": "你的普通话不标准", "sentence2": "你的普通话好不标准", "label": "1"}
{"id": 30, "sentence1": "你说一种找你的方法", "sentence2": "我怎么找你啊", "label": "0"}
{"id": 31, "sentence1": "操作系统更新电量消耗快速", "sentence2": "系统更新后电量消耗过快", "label": "1"}
