{"id": 0, "sentence1": "夸我一句", "sentence2": "麻烦你夸我一下", "label": "1"}
{"id": 1, "sentence1": "程序通知在锁屏界面上，怎么弄呢", "sentence2": "如何清除锁屏里面的广告？", "label": "0"}
{"id": 2, "sentence1": "今天双色球开奖号码", "sentence2": "今晚双色球开奖结果", "label": "1"}
{"id": 3, "sentence1": "你有收音机吗", "sentence2": "你有收音机的吧", "label": "1"}
{"id": 4, "sentence1": "手机无法下载软件", "sentence2": "手机不能下载软件", "label": "1"}
{"id": 5, "sentence1": "还真的要生气了", "sentence2": "我很生气", "label": "0"}
{"id": 6, "sentence1": "怎么知道手机用了多长时间", "sentence2": "怎么查询手机使用多长时间", "label": "1"}
{"id": 7, "sentence1": "我换手机了", "sentence2": "我要换个手机", "label": "0"}
{"id": 8, "sentence1": "你有多大了", "sentence2": "你有那么多的", "label": "0"}
{"id": 9, "sentence1": "那我就说慢一点", "sentence2": "我就说快一点", "label": "0"}
{"id": 10, "sentence1": "我已经生气了", "sentence2": "我非常生气", "label": "0"}
{"id": 11, "sentence1": "你能唱首歌给我", "sentence2": "你给我唱首歌吧", "label": "1"}
{"id": 12, "sentence1": "母亲节是几月几日", "sentence2": "你的生日是几月几日", "label": "0"}
{"id": 13, "sentence1": "我觉得你是帅哥一枚", "sentence2": "你是帅哥", "label": "1"}
{"id": 14, "sentence1": "这都不知道", "sentence2": "十二还不知道吗", "label": "0"}
{"id": 15, "sentence1": "要说黑不是黑黑", "sentence2": "眼前的黑不是黑", "label": "0"}
{"id": 16, "sentence1": "没人跟我聊天", "sentence2": "一直没人跟我聊天", "label": "1"}
{"id": 17, "sentence1": "想要这个", "sentence2": "我想要这个", "label": "1"}
{"id": 18, "sentence1": "人山人海的意思是什么", "sentence2": "翻来覆去什么意思", "label": "0"}
{"id": 19, "sentence1": "好的你去忙吧", "sentence2": "那你去忙吧", "label": "1"}
{"id": 20, "sentence1": "请问我没钱了咋整", "sentence2": "你知道吗没钱了咋整吗", "label": "1"}
{"id": 21, "sentence1": "游戏里的土味情话", "sentence2": "你有哪些土味情话", "label": "0"}
{"id": 22, "sentence1": "送你回去", "sentence2": "立刻回去吧", "label": "0"}
{"id": 23, "sentence1": "守株待兔的出处", "sentence2": "不可名状的意思", "label": "0"}
{"id": 24, "sentence1": "我也无所谓", "sentence2": "不管对错我也无所谓了", "label": "1"}
{"id": 25, "sentence1": "你就是说我说我想找什么就", "sentence2": "我就是说你说你想找什么就", "label": "0"}
{"id": 26, "sentence1": "男演员用英语怎么说", "sentence2": "蔬菜的英语怎么说", "label": "0"}
{"id": 27, "sentence1": "我以为你们还记着呢", "sentence2": "你们都忘了", "label": "1"}
{"id": 28, "sentence1": "你在哪工作", "sentence2": "请你告诉我你在哪工作", "label": "1"}
{"id": 29, "sentence1": "我在床上的时候等你", "sentence2": "我在床上等你", "label": "1"}
{"id": 30, "sentence1": "哪里能看匆匆那年电影？", "sentence2": "匆匆那年电影", "label": "0"}
{"id": 31, "sentence1": "今天你穿什么了", "sentence2": "你现在穿什么", "label": "0"}
