{"id": 0, "sentence1": "我怎么可能想跟你分开", "sentence2": "我不想和你分开", "label": "1"}
{"id": 1, "sentence1": "你怎么这么慢呀", "sentence2": "你慢的可以啊", "label": "1"}
{"id": 2, "sentence1": "我们昨天", "sentence2": "我前天昨天", "label": "0"}
{"id": 3, "sentence1": "爱豆糊了是什么意思", "sentence2": "糊是什么意思", "label": "0"}
{"id": 4, "sentence1": "一天天的就知道吃", "sentence2": "就知道吃", "label": "1"}
{"id": 5, "sentence1": "我咋关机啊", "sentence2": "话说我咋关机啊", "label": "1"}
{"id": 6, "sentence1": "你走吧我不会想你了", "sentence2": "我不想你了", "label": "1"}
{"id": 7, "sentence1": "你的爸爸是谁", "sentence2": "你爹地是谁", "label": "1"}
{"id": 8, "sentence1": "我够格做你的男人吗", "sentence2": "我当你男朋友好不好", "label": "1"}
{"id": 9, "sentence1": "你敢要拒却我吗", "sentence2": "你敢拒绝我吗", "label": "1"}
{"id": 10, "sentence1": "话说我是不是要睡觉了", "sentence2": "我是不是要睡觉了", "label": "1"}
{"id": 11, "sentence1": "刺激战场好玩吗", "sentence2": "你玩过刺激战场吗", "label": "0"}
{"id": 12, "sentence1": "你一定不知道我喜欢吃什么", "sentence2": "我喜欢吃什么", "label": "0"}
{"id": 13, "sentence1": "她们老婆很歉疚请原谅", "sentence2": "我很歉疚请原谅", "label": "0"}
{"id": 14, "sentence1": "更新固件提示失败", "sentence2": "固件升级失败", "label": "1"}
{"id": 15, "sentence1": "你是什么狗东西", "sentence2": "你是不是有病呀", "label": "0"}
{"id": 16, "sentence1": "你生气了吗", "sentence2": "你生没生气啊", "label": "1"}
{"id": 17, "sentence1": "你知道怎么聊天吗", "sentence2": "他们聊天吧", "label": "0"}
{"id": 18, "sentence1": "我要向你学习", "sentence2": "我觉得我应该向你学习", "label": "1"}
{"id": 19, "sentence1": "其实我老婆有暴力行为", "sentence2": "其实我有暴力行为", "label": "0"}
{"id": 20, "sentence1": "r11s手机的cpu", "sentence2": "oppor11s接口", "label": "0"}
{"id": 21, "sentence1": "帮我把手电筒关闭了", "sentence2": "你好帮我打开手电筒", "label": "0"}
{"id": 22, "sentence1": "Colours11", "sentence2": "coloros7", "label": "0"}
{"id": 23, "sentence1": "二十除以六", "sentence2": "八加八", "label": "0"}
{"id": 24, "sentence1": "我手机是不是国产手机", "sentence2": "国产手机哪个好", "label": "0"}
{"id": 25, "sentence1": "5G开关在哪里", "sentence2": "OTG开关在哪里", "label": "0"}
{"id": 26, "sentence1": "播放过一个", "sentence2": "播放一下呀", "label": "0"}
{"id": 27, "sentence1": "我这个手机是OPPO几", "sentence2": "我这个手OPPO手机是几。", "label": "1"}
{"id": 28, "sentence1": "本机可以防永吗", "sentence2": "我手机可以开通eid", "label": "0"}
{"id": 29, "sentence1": "你咋不听话呢", "sentence2": "咋不听话", "label": "1"}
{"id": 30, "sentence1": "用夸人语录夸我长得好看", "sentence2": "小布夸夸三小只", "label": "0"}
{"id": 31, "sentence1": "他是不是不爱我了", "sentence2": "是不是不爱我了", "label": "0"}
