{"id": 0, "sentence": "1.耳机这么脆弱的东西卡在吸塑罩里，弄了半天才弄出来，怕把线扯断，又怕橡胶圈弄坏。", "label": "Negative"}
{"id": 1, "sentence": "边缘不整齐，不是钢化膜", "label": "Negative"}
{"id": 2, "sentence": "容易断裂  不过还想用", "label": "Negative"}
{"id": 3, "sentence": "物流很快，基本上算当天达了，帮朋友买的，她很满意，她说很好，算是比较值这个价了，哈哈哈哈", "label": "Positive"}
{"id": 4, "sentence": "第一卫，果真名不虚传，物有所值，我是回头客了，大爱，手感超好，值得推荐", "label": "Positive"}
{"id": 5, "sentence": "宝贝很实惠，宝宝很喜欢，下次还会再来的。宝贝很实惠，宝宝很喜欢，下次还会再来的。宝贝很实惠，宝宝很喜欢，下次还会再来的。宝贝很实惠，宝宝很喜欢，下次还会再来的。", "label": "Positive"}
{"id": 6, "sentence": "很不错，小巧玲珑，声音很清晰！", "label": "Positive"}
{"id": 7, "sentence": "用了一年多，有一个耳机不响了，几个月后偶然看到还在保质期，就申请返修，结果直接给我换了个新的！赞一个?", "label": "Positive"}
{"id": 8, "sentence": "东西不错，很好，商城送货也很快东西不错，很好，商城送货也很快，很满意的，很满意的东西不错，很好，商城送货也很快，很满意的", "label": "Positive"}
{"id": 9, "sentence": "很不错的耳机，真无线双耳蓝牙，音质很棒，单边也可以听，戴着有一点点撑，但还算舒服的了，连接暂时没发现有不稳定的情况，颜值内涵都有，现在还特价，没啥好嫌弃的了", "label": "Positive"}
{"id": 10, "sentence": "电池很好，比之前原装的强多了，不得不提的是商城小哥的派送效率，那是太赞了，派送及时，送货上门，服务相当到位，必须好评！", "label": "Positive"}
{"id": 11, "sentence": "商城的快递越来越不行了 、包装盒子磕伤变形 、里面的鼠标都磕的移位了 、可想而知进度在周转规程中怎么随手扔我嘛你的东西、一直很信任商城没想到多次出现这样的现象 、", "label": "Negative"}
{"id": 12, "sentence": "用了一个礼拜了，说实话根本没有3000毫安，我的苹果七每次充到百分之70。哎，不是很满意", "label": "Negative"}
{"id": 13, "sentence": "一次买了两个，爸爸和老公一人一个。看到东西之后真心感觉很高大上，都很喜欢", "label": "Positive"}
{"id": 14, "sentence": "不错不错，很满意，非常喜欢", "label": "Positive"}
{"id": 15, "sentence": "自己装的！装上大概68%下载了个电池医生检测就剩下61%了 电太快了！而且检测才1810毫安！我买的旗舰版是1960 既然都是1810干吗要多加几十说是旗舰？", "label": "Negative"}
{"id": 16, "sentence": "陌声人妻，素质惊人～不仅是女声，人声都很不错，解析力过得去，但是欧美流行音乐就没不行了。耳机质感相当不错，略有压耳，这个价位总的来说这个产品还是让我很满意的～", "label": "Positive"}
{"id": 17, "sentence": "东西很好用，就是物流慢了些，到了五天才给我送过来！", "label": "Positive"}
{"id": 18, "sentence": "说书听感：以五百多块的耳机来讲性价比一般，低音轰头，中音凑合，高音不够清澈。解析一般般，隔音还可以，耳机线易缠绕，耳机袋有些廉价，如果不是用卷3-8-9元的话，性价比就更低了，再有不要被那些所谓的大神弄得什么看似专业评测瞎忽悠，有几个人听的那么细的，听歌听的是味道，走路逛街谁有心思听那么细。你们辣么流弊怎么不去做录音师，一个个装的和你大爷似的，插！", "label": "Positive"}
{"id": 19, "sentence": "才用，感觉还好！就是物流和销售界面不一至，等了两天半！", "label": "Positive"}
{"id": 20, "sentence": "给老人家买的，手机收到几天才打开用，发现接电话键失灵，想退，刚过了7天，不能退了，也认了，反修后还是一样，根本没有修好，现在再一次反修，希望修好了再寄回来。", "label": "Negative"}
{"id": 21, "sentence": "电用光了居然冲不进电，最后找了个多功能充电器才充进电。晕死了，懒得换了。", "label": "Negative"}
{"id": 22, "sentence": "挺不错的，值得够买。拉风", "label": "Positive"}
{"id": 23, "sentence": "耳塞太软，最大号还是很松，正好有索尼的可以装上，再把线绕一圈再戴不容易掉，电力持久", "label": "Positive"}
{"id": 24, "sentence": "差评 还没用  卖家发货非常不及时 头天凌晨下的单 当天一整天时间不给发货 第二天下午才出库  韵达快递还行", "label": "Negative"}
{"id": 25, "sentence": "说话就像放屁", "label": "Negative"}
{"id": 26, "sentence": "质量非常好 随便摔 可以为所欲为了 哈哈", "label": "Positive"}
{"id": 27, "sentence": "宝贝收到了使用了还行，给个赞", "label": "Negative"}
{"id": 28, "sentence": "一星是给商城快递小哥的，服务很不错。单就手机而言，个人觉得3、4星比较合理，毕竟单ES9038的XPLAY6比双ES9028的XPLAY5旗舰版音频上是有些缩水的，貌似ES9028和ES9038（低压版）参数基本一至，虽然XPLAY6直解DSD。对于一直用国砖的我XPLAY6没带来多大的惊喜，好处多在于出街少携带一件设备！另外，没收音机、红外遥控和NFC也是一件憾事！给一星是因为今年两次官方旗舰店网购VIVO（元旦节书林和这次商城），所谓的促销活动都有被忽悠的感觉（与在线客服无关，是交易系统和后台服务），新手机的喜悦瞬间烟消云散，购物体验极差，不想说了很气愤！", "label": "Negative"}
{"id": 29, "sentence": "差评 还没用  卖家发货非常不及时 头天凌晨下的单 当天一整天时间不给发货 第二天下午才出库  韵达快递还行", "label": "Negative"}
{"id": 30, "sentence": "还可以，不过画面不能放大和倒转，手机是怎样就怎样，太小了，不方便", "label": "Negative"}
{"id": 31, "sentence": "外包装上有点磨损，试听后感觉不错", "label": "Positive"}
