{"id": 0, "sentence": "商城买的东西不咋样，中兴手机质量很烂，用没多久就出现问题。", "label": "Negative"}
{"id": 1, "sentence": "噪音太大，200块钱打水漂啦啦啦啦啦！", "label": "Negative"}
{"id": 2, "sentence": "物美价廉，非常值得拥有。家里人都特别喜欢。希望以后再能买到。", "label": "Positive"}
{"id": 3, "sentence": "物美价廉，非常值得拥有。家里人都特别喜欢。希望以后再能买到。", "label": "Positive"}
{"id": 4, "sentence": "很不错的耳机，带着很舒服，听歌很好", "label": "Positive"}
{"id": 5, "sentence": "大家千万不要买他们的数据线 我买了我就一个多月 现在有两条都冲不上电了 线头动动就能充上 或者一直扶着才能充上电 我用胶水粘上也不行 上边写着一年换新 也没说怎么换，不要轻信", "label": "Negative"}
{"id": 6, "sentence": "有时候充不进电，不知什么原因，充了几小时，一看，没充进，还是原来的百分比，要把电源拔下重插，还耽搁时间", "label": "Negative"}
{"id": 7, "sentence": "小米支架自拍杆。好用，喜欢", "label": "Positive"}
{"id": 8, "sentence": "两天头就折了", "label": "Negative"}
{"id": 9, "sentence": "充电又快又方便，还不错", "label": "Positive"}
{"id": 10, "sentence": "就为了送货快 有保障 放心", "label": "Positive"}
{"id": 11, "sentence": "商城就是快好省，快好省", "label": "Positive"}
{"id": 12, "sentence": "手机质感不错，也非常好，双系统，不怕生意上的机密泄露。做工非常精细，可以说是物有所值，对得起这个价格。必须好评。", "label": "Positive"}
{"id": 13, "sentence": "大家千万不要买他们的数据线 我买了我就一个多月 现在有两条都冲不上电了 线头动动就能充上 或者一直扶着才能充上电 我用胶水粘上也不行 上边写着一年换新 也没说怎么换，不要轻信", "label": "Negative"}
{"id": 14, "sentence": "买了，第三个，前两个弄丢了，这个被狗狗咬坏。", "label": "Positive"}
{"id": 15, "sentence": "没线，又丑还贵", "label": "Negative"}
{"id": 16, "sentence": "产品不错，电池续航能力跟商家描述的基本相符。", "label": "Positive"}
{"id": 17, "sentence": "我以为2个壳，原来只有一个", "label": "Negative"}
{"id": 18, "sentence": "电用光了居然冲不进电，最后找了个多功能充电器才充进电。晕死了，懒得换了。", "label": "Negative"}
{"id": 19, "sentence": "送给小孩的，挺小巧的，应该便携性好吧。", "label": "Positive"}
{"id": 20, "sentence": "刚跟派送联系到很负责，放在小区超市，迫不及待打开太坑了，第一不是正品，非常轻，以前在专柜买过2代黑色跟这个完全不一样手感差距太大.第二旧的，使用过的，必须退货，商城自营还卖假产品真是无语，看看这个线缝，刚打开的，不是亲身经历都不敢相信", "label": "Negative"}
{"id": 21, "sentence": "第一次给1分，发货晚就不说了，好在没耽误我出去旅游，今天发朋友圈的视频才发现，手机拍摄视频存在问题，尤其是拍水景的时候，屏幕下面一行都是类似马赛克一样的东西！现在人在国外，7天无理由退货是赶不上了，郁闷，赶上有问题的机子。回去看看能不能换吧！买了这款机子的也都赶快去录段看看吧！", "label": "Negative"}
{"id": 22, "sentence": "缺点：MOTO信号差真的不是个别现象，不带胶套通话中常掉话，经常接不到电话还没未接提醒。天线设计问题，查论坛带胶套解决了。但现在还是通话时不能上网。        优点：2600A2k屏，续航比同事华为v9和p10都要好，别问我为什么，我也不知道。系统用这么久无卡顿，照相平时除了能把雷雨天拍成晴天（照片曝光严重不真实）外其他和莱卡P10V9没啥区别，但弱光表现太差。。。玩游戏比华为p10v9帧数高，特别是王者玩2小时后优势太明显了。外观很漂亮。", "label": "Negative"}
{"id": 23, "sentence": "物美价廉，非常值得拥有。家里人都特别喜欢。希望以后再能买到。", "label": "Positive"}
{"id": 24, "sentence": "不好用，没两天就掉下来了。", "label": "Negative"}
{"id": 25, "sentence": "宝贝很实惠，宝宝很喜欢，下次还会再来的。宝贝很实惠，宝宝很喜欢，下次还会再来的。宝贝很实惠，宝宝很喜欢，下次还会再来的。宝贝很实惠，宝宝很喜欢，下次还会再来的。", "label": "Positive"}
{"id": 26, "sentence": "百来块钱买个麦，不敢奢求音质多好能响就行。但是无法原谅的是居然有人开封过的痕迹，就算是二手的东西包装上也花点心思，明知有缺陷明面上也不搞好点，还那么明目张胆的把货发出来。", "label": "Positive"}
{"id": 27, "sentence": "耳机不错，佩戴舒服，待机时间还行，使用方便，满意。", "label": "Positive"}
{"id": 28, "sentence": "充电又快又方便，还不错", "label": "Positive"}
{"id": 29, "sentence": "五星差评。想换个6P的电池都不给！！！", "label": "Negative"}
{"id": 30, "sentence": "耳机低音效果不错，份量可以，带了很多耳塞，很划算。", "label": "Positive"}
{"id": 31, "sentence": "看上去好高科技的样子，以后用手机操作电视就方便了，适合我这种懒癌晚期的人，还送月卡，好好好", "label": "Positive"}
