{"id": 0, "sentence": "物流很快，早上下单，下午就到了。包装也很高档。就是耳机音质很差，煲了一百多小时，音质和同事的一百多元的耳机差不多，1580元买这耳机亏大了。", "label": "Negative"}
{"id": 1, "sentence": "在这里买的一套，没用几天都用不了了，商城越来越差了", "label": "Negative"}
{"id": 2, "sentence": "话筒声小 插上耳机手机还能外放破耳机别买", "label": "Negative"}
{"id": 3, "sentence": "比之前买不到强太多了，之前还有点贵，现在还不错，整体下来性价比还是很不错的，棒棒哒", "label": "Positive"}
{"id": 4, "sentence": "一般般，做工普通，充电慢，容量下", "label": "Negative"}
{"id": 5, "sentence": "原装充电器，正品，包装很好，物流非常快，前天晚上订购，今天中午到货。很满意.", "label": "Positive"}
{"id": 6, "sentence": "优点：秒连，出行佩戴很是方便", "label": "Negative"}
{"id": 7, "sentence": "第二次买这个牌子了 其他没的说 就一点 手机下面早就没有耳机孔了 手机壳还留着那个位置感觉很不精致 没诚意 也愧对这个价格", "label": "Positive"}
{"id": 8, "sentence": "非常不舒服，总有咚咚异想，不舒服，也不是要求多高的人，但是看视频都感觉难受", "label": "Negative"}
{"id": 9, "sentence": "不好，！得快那插头的铜片就掉了?很容易黑，铜的质量差", "label": "Negative"}
{"id": 10, "sentence": "与宣传不符，没信用！", "label": "Negative"}
{"id": 11, "sentence": "17号预定，28号52秒付尾款，十月6号中午才收货，不得不说商城这次伤了消费者的心", "label": "Negative"}
{"id": 12, "sentence": "噪音太大，200块钱打水漂啦啦啦啦啦！", "label": "Negative"}
{"id": 13, "sentence": "自己贴的、效果不错、很喜欢、虽然贵、但是还是蛮不错", "label": "Positive"}
{"id": 14, "sentence": "商城的速度真是好快啊，昨天下午下单，今天早上就送到了，包装手感都不错，应该是正品。", "label": "Positive"}
{"id": 15, "sentence": "已收货，试听了一下，音质可以，按步骤可搜蓝牙，其他方面待试后才评，商城速度快", "label": "Positive"}
{"id": 16, "sentence": "音质清澈，高中音不错，低音有点不足。耳机设计感不足，实际看起来比较土。按键不是触摸的，太low。", "label": "Positive"}
{"id": 17, "sentence": "陌声人妻，素质惊人～不仅是女声，人声都很不错，解析力过得去，但是欧美流行音乐就没不行了。耳机质感相当不错，略有压耳，这个价位总的来说这个产品还是让我很满意的～", "label": "Positive"}
{"id": 18, "sentence": "咋这么差还没用LED亮啦一下就没了", "label": "Negative"}
{"id": 19, "sentence": "挺不错的，值得够买。拉风", "label": "Positive"}
{"id": 20, "sentence": "百来块钱买个麦，不敢奢求音质多好能响就行。但是无法原谅的是居然有人开封过的痕迹，就算是二手的东西包装上也花点心思，明知有缺陷明面上也不搞好点，还那么明目张胆的把货发出来。", "label": "Positive"}
{"id": 21, "sentence": "用了一段时间来评价，怎么说呢？满足基本功能，未必适合音乐体验，而且音量大一点那个对耳骨震动的酸爽劲，哈哈，要适应。但最大的遗憾是什么？带上这个耳机永远只能挺直腰板，想躺在床上靠在沙发上开车脖子更舒服点？不好意思，后面的圆环顶着，没戏。", "label": "Positive"}
{"id": 22, "sentence": "产品是可以，就是不好贴。还好商家补了一张。", "label": "Positive"}
{"id": 23, "sentence": "外包装上有点磨损，试听后感觉不错", "label": "Positive"}
{"id": 24, "sentence": "好几次了 买1个月就坏  我在买最后一次！！！", "label": "Negative"}
{"id": 25, "sentence": "不是快充，被坑了", "label": "Negative"}
{"id": 26, "sentence": "我以为2个壳，原来只有一个", "label": "Negative"}
{"id": 27, "sentence": "总冲不满 应急用够了 很轻", "label": "Negative"}
{"id": 28, "sentence": "耳机收到了，物超所值！虽然没有我那个索尼的音质好，毕竟一分钱一分货！貌似小米蓝牙耳机的硅胶套不太好！希望有所提高！现在渐渐喜欢上了小米的产品了", "label": "Positive"}
{"id": 29, "sentence": "商城就是快好省，快好省", "label": "Positive"}
{"id": 30, "sentence": "音质不错，*入的性价比挺高，佩戴舒适度不错，唯一不满的就是头梁太硬了，带久了有点不舒服。总的来说，还好。", "label": "Positive"}
{"id": 31, "sentence": "说实话双面屏的x到手后确实让我有些担心其脆弱，于是入了uag，套上后果然有种安全感，甚至有自己做跌落实验的冲动", "label": "Positive"}
