{"id": 0, "sentence": "一般购物都是好评，但这个膜真心不好，透光差，抗油污差，强烈建议不要购买！强烈建议不要购买！强烈建议不要购买！重要的事情说三遍！", "label": "Negative"}
{"id": 1, "sentence": "内包装以破损，", "label": "Negative"}
{"id": 2, "sentence": "商城自营的东西，到货这么慢。说好的次日达，这都几号了，也没个说法。", "label": "Negative"}
{"id": 3, "sentence": "还可以，不过画面不能放大和倒转，手机是怎样就怎样，太小了，不方便", "label": "Negative"}
{"id": 4, "sentence": "华为是中国著名商标，相信华为，支持华为，虽然刚使用，但坚信华为是值得依赖的。祝华为的事业越干越大。支持国货，支持华为。", "label": "Positive"}
{"id": 5, "sentence": "外形很好，手机做工也很赞，就是插了SIM卡后1段时间会提示请安装SIM卡，拔打该卡号提示送关机。手机重启后1切又正常了，所以退了！在商城买了两次手机给父亲的都有问题，自己和母亲用的都无问题，唉不知怎说！", "label": "Negative"}
{"id": 6, "sentence": "商品不错，用起来简单方便，这是第二个了。第一个用了一星期让别人借走了", "label": "Positive"}
{"id": 7, "sentence": "今天刚拿到手机，打电话时发现手机听筒有吱吱吱的杂声，不满意，真怀疑是不是正品", "label": "Negative"}
{"id": 8, "sentence": "用最小号的塞子，调整后可获得良好隔音效果，总体来说比较满意。说点不满意的地方：中号的硅胶塞缺一个，有三个小号的塞子（如图），害得我一开始换塞子时好久没法调整舒适；安卓端玩音游时会有近半秒的延迟（听歌看视频都正常），非常难受；送的耳机包不是硬质ABS的，是橡胶的，不能提供很好的防挤压保护，不如我买咖啡送的铁质耳机盒结实。音质方面，三频均衡，低音下潜欠缺，人声较通透。我跑步时听广播，不听动次大次，所以还能接受。", "label": "Positive"}
{"id": 9, "sentence": "很快，等收到手机试试上机效果", "label": "Positive"}
{"id": 10, "sentence": "不存电 连一个手机都冲不满", "label": "Negative"}
{"id": 11, "sentence": "商城买的东西不咋样，中兴手机质量很烂，用没多久就出现问题。", "label": "Negative"}
{"id": 12, "sentence": "很差，很不好用", "label": "Negative"}
{"id": 13, "sentence": "真心不错，价格给力，快递给力。", "label": "Positive"}
{"id": 14, "sentence": "音质清澈，高中音不错，低音有点不足。耳机设计感不足，实际看起来比较土。按键不是触摸的，太low。", "label": "Positive"}
{"id": 15, "sentence": "保护膜四周都是对齐的，但是在摄像头和按键的位置是歪的", "label": "Negative"}
{"id": 16, "sentence": "买之前一定慎重，商城不能更换颜色", "label": "Negative"}
{"id": 17, "sentence": "宝贝收到了，非常喜欢，质量很好，快递也给力，非常愉快的一次购物，好评！", "label": "Positive"}
{"id": 18, "sentence": "第二次买了，好用，但电池续航是硬伤～", "label": "Positive"}
{"id": 19, "sentence": "不会贴，贴歪了，一贴上去就粘上了，斯一下就碎了，又在别家买了一张，同样问题，也贴歪了，但是斯下来没碎，只能说是质量问题！", "label": "Negative"}
{"id": 20, "sentence": "两天头就折了", "label": "Negative"}
{"id": 21, "sentence": "清晰度要是再高点就好了，总的来说不错", "label": "Positive"}
{"id": 22, "sentence": "对于这个价格来说，质量说得过去", "label": "Positive"}
{"id": 23, "sentence": "质量非常好 随便摔 可以为所欲为了 哈哈", "label": "Positive"}
{"id": 24, "sentence": "质量太差了", "label": "Negative"}
{"id": 25, "sentence": "买给老爸的生日礼物，用了一天还不错！送了很多配件，功能很强大还在摸索，后续再来追评吧", "label": "Positive"}
{"id": 26, "sentence": "可能是因为这种蓝牙运动耳机音质都不是那么好，不过音质也算可以了，用过某星的产品，价格比它贵 但是很烂。", "label": "Positive"}
{"id": 27, "sentence": "质量也太差了", "label": "Negative"}
{"id": 28, "sentence": "质量非常好 随便摔 可以为所欲为了 哈哈", "label": "Positive"}
{"id": 29, "sentence": "说实话 不好用 插上的时候有时会有电流声 在插两个的时候更明显。让人怀疑是不是会对手机不好", "label": "Negative"}
{"id": 30, "sentence": "不好，！得快那插头的铜片就掉了?很容易黑，铜的质量差", "label": "Negative"}
{"id": 31, "sentence": "还没有去店里换，看品质应该不错，品胜官方的，值得信赖。", "label": "Positive"}
