{"id": 0, "sentence": "挺好的，就是玩不了大型游戏", "label": "Positive"}
{"id": 1, "sentence": "用了一周天左右，从床上摔下去了，白屏了。。。。。。猜测是排线断了之类的故障，关键就是脆弱的让人心疼。。。", "label": "Negative"}
{"id": 2, "sentence": "一般般，做工普通，充电慢，容量下", "label": "Negative"}
{"id": 3, "sentence": "有时候充不进电，不知什么原因，充了几小时，一看，没充进，还是原来的百分比，要把电源拔下重插，还耽搁时间", "label": "Negative"}
{"id": 4, "sentence": "标价1199元、耳机盒都没有、我感觉此耳机就是普通耳机、功能也是一样没有特别、特别版都是忽悠 吧！普通耳机标价高然后在打折促销！还不知道质量如何！哎！", "label": "Negative"}
{"id": 5, "sentence": "手感不错，还是挺重的，屏幕观感挺舒服的，相机也不错拍人比较黄点，内存开机剩4g多，数据线很给力，指纹模块有点偏上了，给朋友买的，打王者应该不成问题。总体说还不错，价格现在领券购买还算中规中矩。", "label": "Positive"}
{"id": 6, "sentence": "家里有两个，好用，投屏很快也清晰，可以在电视上追爱奇艺的剧了，顺便把爱奇艺的年卡延长，感觉好值呀", "label": "Positive"}
{"id": 7, "sentence": "咋这么差还没用LED亮啦一下就没了", "label": "Negative"}
{"id": 8, "sentence": "耳机不错，颜值很高，唯一缺点是戴上 听诊器效应 很严重。", "label": "Negative"}
{"id": 9, "sentence": "仔细看了下，后面有个黑点，擦不掉，在里面的，寄给我的是次品。", "label": "Negative"}
{"id": 10, "sentence": "不错的一个产品，老妈很喜欢，感谢媳妇！", "label": "Positive"}
{"id": 11, "sentence": "真的是对这次购物很不满意，对华为手机特别失望，15年一月买了华为荣耀6，用起来很流畅，因为是16G所以只能换部手机，可是这次的麦芒5用着经常卡顿，买了几天后问题还不明显，再加上我参加比赛需要用手机，也就没要退货了，后来发现卡顿的问题越来越严重，现在才知道荣耀系列的cpu用的都是华为海思自主研发的麒麟芯片，麦芒5在华为手机里卖价不算低，谁知道系统用起来这么差，菜单键打开手机反应也慢，还有一定要提的电池问题，说句公道话，的确续航时间不错，可是手机买来不就是用来用的吗，又不是天天放在那让它续航，真的耗电也快，除了后置摄像头像素高一点，没有其它优点了，真是后悔没退货，想要这款手机的亲们还是慎重选择，价格相同的话还是选择荣耀系列吧，虽然说也不知道现在的荣耀怎么样了，支持国产的心被彻底打击，还是不太愿意相信华为这通讯行业的巨擘要搬起石头砸自己的脚，估计寒假回家就要把手机扔给我爸用！！希望华为能对顾客负责一些！！！", "label": "Negative"}
{"id": 12, "sentence": "卧槽，才买完一个月左右，直接从1180降到768？天理何在？", "label": "Negative"}
{"id": 13, "sentence": "我以为2个壳，原来只有一个", "label": "Negative"}
{"id": 14, "sentence": "不好，发过来之前就坏了。", "label": "Negative"}
{"id": 15, "sentence": "物流很快 当天下单傍晚就送来了 当时下着大雨 快递大哥冒雨送来很感动 耳机感觉略微有点贵 最后还是跟快递哥点个赞 真心负责", "label": "Positive"}
{"id": 16, "sentence": "最好别在这家店买手机，黑店来的。手机才买几天出现问题了，推三阻四的，一点都不靠谱。算了，几百块钱给你买纸烧吧。", "label": "Negative"}
{"id": 17, "sentence": "给老人用很方便很好用，不错的体验", "label": "Positive"}
{"id": 18, "sentence": "第一款入森海的耳机，瞬间感觉超有b格，煲开了音质感人。力挺森海！", "label": "Positive"}
{"id": 19, "sentence": "这个套套很喜欢 要是翻毛皮的盒子就更棒了 低音标志性的森海塞尔 第一次用 先入门级 之后再买个中高端的", "label": "Positive"}
{"id": 20, "sentence": "第二次买这个牌子了 其他没的说 就一点 手机下面早就没有耳机孔了 手机壳还留着那个位置感觉很不精致 没诚意 也愧对这个价格", "label": "Positive"}
{"id": 21, "sentence": "音质可以，3频都行，就是包装又碰撞过，还好耳机没事", "label": "Positive"}
{"id": 22, "sentence": "电池虽然贵，但是续航还是不行，不如原装，差远了", "label": "Negative"}
{"id": 23, "sentence": "已收货，试听了一下，音质可以，按步骤可搜蓝牙，其他方面待试后才评，商城速度快", "label": "Positive"}
{"id": 24, "sentence": "外包装上有点磨损，试听后感觉不错", "label": "Positive"}
{"id": 25, "sentence": "还可以吧！也可能是自己不回贴", "label": "Negative"}
{"id": 26, "sentence": "用了2个月就一天两充了！电池电量还有3.4格的时候就直接提示电量不足要充电了！现在刚申请返修，等待审核中！", "label": "Negative"}
{"id": 27, "sentence": "没有想象中好", "label": "Negative"}
{"id": 28, "sentence": "很好，值得拥有。", "label": "Positive"}
{"id": 29, "sentence": "动次打次动次打次叮叮叮，没想到你是这样的森海塞尔", "label": "Positive"}
{"id": 30, "sentence": "不错的一个产品，老妈很喜欢，感谢媳妇！", "label": "Positive"}
{"id": 31, "sentence": "这个价格能买到上一代旗舰还是非常有性价比的，4.1对比4.0没有什么实质性提升，所以不差钱的可以上新旗舰，追求实用的就买这一代就好了。", "label": "Positive"}
