{"id": 0, "sentence": "物流很快，早上下单，下午就到了。包装也很高档。就是耳机音质很差，煲了一百多小时，音质和同事的一百多元的耳机差不多，1580元买这耳机亏大了。", "label": "Negative"}
{"id": 1, "sentence": "在这里买的一套，没用几天都用不了了，商城越来越差了", "label": "Negative"}
{"id": 2, "sentence": "话筒声小 插上耳机手机还能外放破耳机别买", "label": "Negative"}
{"id": 3, "sentence": "比之前买不到强太多了，之前还有点贵，现在还不错，整体下来性价比还是很不错的，棒棒哒", "label": "Positive"}
{"id": 4, "sentence": "一般般，做工普通，充电慢，容量下", "label": "Negative"}
{"id": 5, "sentence": "原装充电器，正品，包装很好，物流非常快，前天晚上订购，今天中午到货。很满意.", "label": "Positive"}
{"id": 6, "sentence": "优点：秒连，出行佩戴很是方便", "label": "Negative"}
{"id": 7, "sentence": "第二次买这个牌子了 其他没的说 就一点 手机下面早就没有耳机孔了 手机壳还留着那个位置感觉很不精致 没诚意 也愧对这个价格", "label": "Positive"}
{"id": 8, "sentence": "非常不舒服，总有咚咚异想，不舒服，也不是要求多高的人，但是看视频都感觉难受", "label": "Negative"}
{"id": 9, "sentence": "不好，！得快那插头的铜片就掉了?很容易黑，铜的质量差", "label": "Negative"}
{"id": 10, "sentence": "与宣传不符，没信用！", "label": "Negative"}
{"id": 11, "sentence": "17号预定，28号52秒付尾款，十月6号中午才收货，不得不说商城这次伤了消费者的心", "label": "Negative"}
{"id": 12, "sentence": "噪音太大，200块钱打水漂啦啦啦啦啦！", "label": "Negative"}
{"id": 13, "sentence": "自己贴的、效果不错、很喜欢、虽然贵、但是还是蛮不错", "label": "Positive"}
{"id": 14, "sentence": "商城的速度真是好快啊，昨天下午下单，今天早上就送到了，包装手感都不错，应该是正品。", "label": "Positive"}
{"id": 15, "sentence": "已收货，试听了一下，音质可以，按步骤可搜蓝牙，其他方面待试后才评，商城速度快", "label": "Positive"}
{"id": 16, "sentence": "音质清澈，高中音不错，低音有点不足。耳机设计感不足，实际看起来比较土。按键不是触摸的，太low。", "label": "Positive"}
{"id": 17, "sentence": "陌声人妻，素质惊人～不仅是女声，人声都很不错，解析力过得去，但是欧美流行音乐就没不行了。耳机质感相当不错，略有压耳，这个价位总的来说这个产品还是让我很满意的～", "label": "Positive"}
{"id": 18, "sentence": "咋这么差还没用LED亮啦一下就没了", "label": "Negative"}
{"id": 19, "sentence": "挺不错的，值得够买。拉风", "label": "Positive"}
{"id": 20, "sentence": "百来块钱买个麦，不敢奢求音质多好能响就行。但是无法原谅的是居然有人开封过的痕迹，就算是二手的东西包装上也花点心思，明知有缺陷明面上也不搞好点，还那么明目张胆的把货发出来。", "label": "Positive"}
{"id": 21, "sentence": "用了一段时间来评价，怎么说呢？满足基本功能，未必适合音乐体验，而且音量大一点那个对耳骨震动的酸爽劲，哈哈，要适应。但最大的遗憾是什么？带上这个耳机永远只能挺直腰板，想躺在床上靠在沙发上开车脖子更舒服点？不好意思，后面的圆环顶着，没戏。", "label": "Positive"}
{"id": 22, "sentence": "产品是可以，就是不好贴。还好商家补了一张。", "label": "Positive"}
{"id": 23, "sentence": "外包装上有点磨损，试听后感觉不错", "label": "Positive"}
{"id": 24, "sentence": "好几次了 买1个月就坏  我在买最后一次！！！", "label": "Negative"}
{"id": 25, "sentence": "不是快充，被坑了", "label": "Negative"}
{"id": 26, "sentence": "我以为2个壳，原来只有一个", "label": "Negative"}
{"id": 27, "sentence": "总冲不满 应急用够了 很轻", "label": "Negative"}
{"id": 28, "sentence": "耳机收到了，物超所值！虽然没有我那个索尼的音质好，毕竟一分钱一分货！貌似小米蓝牙耳机的硅胶套不太好！希望有所提高！现在渐渐喜欢上了小米的产品了", "label": "Positive"}
{"id": 29, "sentence": "商城就是快好省，快好省", "label": "Positive"}
{"id": 30, "sentence": "音质不错，*入的性价比挺高，佩戴舒适度不错，唯一不满的就是头梁太硬了，带久了有点不舒服。总的来说，还好。", "label": "Positive"}
{"id": 31, "sentence": "说实话双面屏的x到手后确实让我有些担心其脆弱，于是入了uag，套上后果然有种安全感，甚至有自己做跌落实验的冲动", "label": "Positive"}
{"id": 32, "sentence": "挺好的，就是玩不了大型游戏", "label": "Positive"}
{"id": 33, "sentence": "用了一周天左右，从床上摔下去了，白屏了。。。。。。猜测是排线断了之类的故障，关键就是脆弱的让人心疼。。。", "label": "Negative"}
{"id": 34, "sentence": "一般般，做工普通，充电慢，容量下", "label": "Negative"}
{"id": 35, "sentence": "有时候充不进电，不知什么原因，充了几小时，一看，没充进，还是原来的百分比，要把电源拔下重插，还耽搁时间", "label": "Negative"}
{"id": 36, "sentence": "标价1199元、耳机盒都没有、我感觉此耳机就是普通耳机、功能也是一样没有特别、特别版都是忽悠 吧！普通耳机标价高然后在打折促销！还不知道质量如何！哎！", "label": "Negative"}
{"id": 37, "sentence": "手感不错，还是挺重的，屏幕观感挺舒服的，相机也不错拍人比较黄点，内存开机剩4g多，数据线很给力，指纹模块有点偏上了，给朋友买的，打王者应该不成问题。总体说还不错，价格现在领券购买还算中规中矩。", "label": "Positive"}
{"id": 38, "sentence": "家里有两个，好用，投屏很快也清晰，可以在电视上追爱奇艺的剧了，顺便把爱奇艺的年卡延长，感觉好值呀", "label": "Positive"}
{"id": 39, "sentence": "咋这么差还没用LED亮啦一下就没了", "label": "Negative"}
{"id": 40, "sentence": "耳机不错，颜值很高，唯一缺点是戴上 听诊器效应 很严重。", "label": "Negative"}
{"id": 41, "sentence": "仔细看了下，后面有个黑点，擦不掉，在里面的，寄给我的是次品。", "label": "Negative"}
{"id": 42, "sentence": "不错的一个产品，老妈很喜欢，感谢媳妇！", "label": "Positive"}
{"id": 43, "sentence": "真的是对这次购物很不满意，对华为手机特别失望，15年一月买了华为荣耀6，用起来很流畅，因为是16G所以只能换部手机，可是这次的麦芒5用着经常卡顿，买了几天后问题还不明显，再加上我参加比赛需要用手机，也就没要退货了，后来发现卡顿的问题越来越严重，现在才知道荣耀系列的cpu用的都是华为海思自主研发的麒麟芯片，麦芒5在华为手机里卖价不算低，谁知道系统用起来这么差，菜单键打开手机反应也慢，还有一定要提的电池问题，说句公道话，的确续航时间不错，可是手机买来不就是用来用的吗，又不是天天放在那让它续航，真的耗电也快，除了后置摄像头像素高一点，没有其它优点了，真是后悔没退货，想要这款手机的亲们还是慎重选择，价格相同的话还是选择荣耀系列吧，虽然说也不知道现在的荣耀怎么样了，支持国产的心被彻底打击，还是不太愿意相信华为这通讯行业的巨擘要搬起石头砸自己的脚，估计寒假回家就要把手机扔给我爸用！！希望华为能对顾客负责一些！！！", "label": "Negative"}
{"id": 44, "sentence": "卧槽，才买完一个月左右，直接从1180降到768？天理何在？", "label": "Negative"}
{"id": 45, "sentence": "我以为2个壳，原来只有一个", "label": "Negative"}
{"id": 46, "sentence": "不好，发过来之前就坏了。", "label": "Negative"}
{"id": 47, "sentence": "物流很快 当天下单傍晚就送来了 当时下着大雨 快递大哥冒雨送来很感动 耳机感觉略微有点贵 最后还是跟快递哥点个赞 真心负责", "label": "Positive"}
{"id": 48, "sentence": "最好别在这家店买手机，黑店来的。手机才买几天出现问题了，推三阻四的，一点都不靠谱。算了，几百块钱给你买纸烧吧。", "label": "Negative"}
{"id": 49, "sentence": "给老人用很方便很好用，不错的体验", "label": "Positive"}
{"id": 50, "sentence": "第一款入森海的耳机，瞬间感觉超有b格，煲开了音质感人。力挺森海！", "label": "Positive"}
{"id": 51, "sentence": "这个套套很喜欢 要是翻毛皮的盒子就更棒了 低音标志性的森海塞尔 第一次用 先入门级 之后再买个中高端的", "label": "Positive"}
{"id": 52, "sentence": "第二次买这个牌子了 其他没的说 就一点 手机下面早就没有耳机孔了 手机壳还留着那个位置感觉很不精致 没诚意 也愧对这个价格", "label": "Positive"}
{"id": 53, "sentence": "音质可以，3频都行，就是包装又碰撞过，还好耳机没事", "label": "Positive"}
{"id": 54, "sentence": "电池虽然贵，但是续航还是不行，不如原装，差远了", "label": "Negative"}
{"id": 55, "sentence": "已收货，试听了一下，音质可以，按步骤可搜蓝牙，其他方面待试后才评，商城速度快", "label": "Positive"}
{"id": 56, "sentence": "外包装上有点磨损，试听后感觉不错", "label": "Positive"}
{"id": 57, "sentence": "还可以吧！也可能是自己不回贴", "label": "Negative"}
{"id": 58, "sentence": "用了2个月就一天两充了！电池电量还有3.4格的时候就直接提示电量不足要充电了！现在刚申请返修，等待审核中！", "label": "Negative"}
{"id": 59, "sentence": "没有想象中好", "label": "Negative"}
{"id": 60, "sentence": "很好，值得拥有。", "label": "Positive"}
{"id": 61, "sentence": "动次打次动次打次叮叮叮，没想到你是这样的森海塞尔", "label": "Positive"}
{"id": 62, "sentence": "不错的一个产品，老妈很喜欢，感谢媳妇！", "label": "Positive"}
{"id": 63, "sentence": "这个价格能买到上一代旗舰还是非常有性价比的，4.1对比4.0没有什么实质性提升，所以不差钱的可以上新旗舰，追求实用的就买这一代就好了。", "label": "Positive"}
{"id": 64, "sentence": "1.耳机这么脆弱的东西卡在吸塑罩里，弄了半天才弄出来，怕把线扯断，又怕橡胶圈弄坏。", "label": "Negative"}
{"id": 65, "sentence": "边缘不整齐，不是钢化膜", "label": "Negative"}
{"id": 66, "sentence": "容易断裂  不过还想用", "label": "Negative"}
{"id": 67, "sentence": "物流很快，基本上算当天达了，帮朋友买的，她很满意，她说很好，算是比较值这个价了，哈哈哈哈", "label": "Positive"}
{"id": 68, "sentence": "第一卫，果真名不虚传，物有所值，我是回头客了，大爱，手感超好，值得推荐", "label": "Positive"}
{"id": 69, "sentence": "宝贝很实惠，宝宝很喜欢，下次还会再来的。宝贝很实惠，宝宝很喜欢，下次还会再来的。宝贝很实惠，宝宝很喜欢，下次还会再来的。宝贝很实惠，宝宝很喜欢，下次还会再来的。", "label": "Positive"}
{"id": 70, "sentence": "很不错，小巧玲珑，声音很清晰！", "label": "Positive"}
{"id": 71, "sentence": "用了一年多，有一个耳机不响了，几个月后偶然看到还在保质期，就申请返修，结果直接给我换了个新的！赞一个?", "label": "Positive"}
{"id": 72, "sentence": "东西不错，很好，商城送货也很快东西不错，很好，商城送货也很快，很满意的，很满意的东西不错，很好，商城送货也很快，很满意的", "label": "Positive"}
{"id": 73, "sentence": "很不错的耳机，真无线双耳蓝牙，音质很棒，单边也可以听，戴着有一点点撑，但还算舒服的了，连接暂时没发现有不稳定的情况，颜值内涵都有，现在还特价，没啥好嫌弃的了", "label": "Positive"}
{"id": 74, "sentence": "电池很好，比之前原装的强多了，不得不提的是商城小哥的派送效率，那是太赞了，派送及时，送货上门，服务相当到位，必须好评！", "label": "Positive"}
{"id": 75, "sentence": "商城的快递越来越不行了 、包装盒子磕伤变形 、里面的鼠标都磕的移位了 、可想而知进度在周转规程中怎么随手扔我嘛你的东西、一直很信任商城没想到多次出现这样的现象 、", "label": "Negative"}
{"id": 76, "sentence": "用了一个礼拜了，说实话根本没有3000毫安，我的苹果七每次充到百分之70。哎，不是很满意", "label": "Negative"}
{"id": 77, "sentence": "一次买了两个，爸爸和老公一人一个。看到东西之后真心感觉很高大上，都很喜欢", "label": "Positive"}
{"id": 78, "sentence": "不错不错，很满意，非常喜欢", "label": "Positive"}
{"id": 79, "sentence": "自己装的！装上大概68%下载了个电池医生检测就剩下61%了 电太快了！而且检测才1810毫安！我买的旗舰版是1960 既然都是1810干吗要多加几十说是旗舰？", "label": "Negative"}
{"id": 80, "sentence": "陌声人妻，素质惊人～不仅是女声，人声都很不错，解析力过得去，但是欧美流行音乐就没不行了。耳机质感相当不错，略有压耳，这个价位总的来说这个产品还是让我很满意的～", "label": "Positive"}
{"id": 81, "sentence": "东西很好用，就是物流慢了些，到了五天才给我送过来！", "label": "Positive"}
{"id": 82, "sentence": "说书听感：以五百多块的耳机来讲性价比一般，低音轰头，中音凑合，高音不够清澈。解析一般般，隔音还可以，耳机线易缠绕，耳机袋有些廉价，如果不是用卷3-8-9元的话，性价比就更低了，再有不要被那些所谓的大神弄得什么看似专业评测瞎忽悠，有几个人听的那么细的，听歌听的是味道，走路逛街谁有心思听那么细。你们辣么流弊怎么不去做录音师，一个个装的和你大爷似的，插！", "label": "Positive"}
{"id": 83, "sentence": "才用，感觉还好！就是物流和销售界面不一至，等了两天半！", "label": "Positive"}
{"id": 84, "sentence": "给老人家买的，手机收到几天才打开用，发现接电话键失灵，想退，刚过了7天，不能退了，也认了，反修后还是一样，根本没有修好，现在再一次反修，希望修好了再寄回来。", "label": "Negative"}
{"id": 85, "sentence": "电用光了居然冲不进电，最后找了个多功能充电器才充进电。晕死了，懒得换了。", "label": "Negative"}
{"id": 86, "sentence": "挺不错的，值得够买。拉风", "label": "Positive"}
{"id": 87, "sentence": "耳塞太软，最大号还是很松，正好有索尼的可以装上，再把线绕一圈再戴不容易掉，电力持久", "label": "Positive"}
{"id": 88, "sentence": "差评 还没用  卖家发货非常不及时 头天凌晨下的单 当天一整天时间不给发货 第二天下午才出库  韵达快递还行", "label": "Negative"}
{"id": 89, "sentence": "说话就像放屁", "label": "Negative"}
{"id": 90, "sentence": "质量非常好 随便摔 可以为所欲为了 哈哈", "label": "Positive"}
{"id": 91, "sentence": "宝贝收到了使用了还行，给个赞", "label": "Negative"}
{"id": 92, "sentence": "一星是给商城快递小哥的，服务很不错。单就手机而言，个人觉得3、4星比较合理，毕竟单ES9038的XPLAY6比双ES9028的XPLAY5旗舰版音频上是有些缩水的，貌似ES9028和ES9038（低压版）参数基本一至，虽然XPLAY6直解DSD。对于一直用国砖的我XPLAY6没带来多大的惊喜，好处多在于出街少携带一件设备！另外，没收音机、红外遥控和NFC也是一件憾事！给一星是因为今年两次官方旗舰店网购VIVO（元旦节书林和这次商城），所谓的促销活动都有被忽悠的感觉（与在线客服无关，是交易系统和后台服务），新手机的喜悦瞬间烟消云散，购物体验极差，不想说了很气愤！", "label": "Negative"}
{"id": 93, "sentence": "差评 还没用  卖家发货非常不及时 头天凌晨下的单 当天一整天时间不给发货 第二天下午才出库  韵达快递还行", "label": "Negative"}
{"id": 94, "sentence": "还可以，不过画面不能放大和倒转，手机是怎样就怎样，太小了，不方便", "label": "Negative"}
{"id": 95, "sentence": "外包装上有点磨损，试听后感觉不错", "label": "Positive"}
{"id": 96, "sentence": "商城买的东西不咋样，中兴手机质量很烂，用没多久就出现问题。", "label": "Negative"}
{"id": 97, "sentence": "噪音太大，200块钱打水漂啦啦啦啦啦！", "label": "Negative"}
{"id": 98, "sentence": "物美价廉，非常值得拥有。家里人都特别喜欢。希望以后再能买到。", "label": "Positive"}
{"id": 99, "sentence": "物美价廉，非常值得拥有。家里人都特别喜欢。希望以后再能买到。", "label": "Positive"}
{"id": 100, "sentence": "很不错的耳机，带着很舒服，听歌很好", "label": "Positive"}
{"id": 101, "sentence": "大家千万不要买他们的数据线 我买了我就一个多月 现在有两条都冲不上电了 线头动动就能充上 或者一直扶着才能充上电 我用胶水粘上也不行 上边写着一年换新 也没说怎么换，不要轻信", "label": "Negative"}
{"id": 102, "sentence": "有时候充不进电，不知什么原因，充了几小时，一看，没充进，还是原来的百分比，要把电源拔下重插，还耽搁时间", "label": "Negative"}
{"id": 103, "sentence": "小米支架自拍杆。好用，喜欢", "label": "Positive"}
{"id": 104, "sentence": "两天头就折了", "label": "Negative"}
{"id": 105, "sentence": "充电又快又方便，还不错", "label": "Positive"}
{"id": 106, "sentence": "就为了送货快 有保障 放心", "label": "Positive"}
{"id": 107, "sentence": "商城就是快好省，快好省", "label": "Positive"}
{"id": 108, "sentence": "手机质感不错，也非常好，双系统，不怕生意上的机密泄露。做工非常精细，可以说是物有所值，对得起这个价格。必须好评。", "label": "Positive"}
{"id": 109, "sentence": "大家千万不要买他们的数据线 我买了我就一个多月 现在有两条都冲不上电了 线头动动就能充上 或者一直扶着才能充上电 我用胶水粘上也不行 上边写着一年换新 也没说怎么换，不要轻信", "label": "Negative"}
{"id": 110, "sentence": "买了，第三个，前两个弄丢了，这个被狗狗咬坏。", "label": "Positive"}
{"id": 111, "sentence": "没线，又丑还贵", "label": "Negative"}
{"id": 112, "sentence": "产品不错，电池续航能力跟商家描述的基本相符。", "label": "Positive"}
{"id": 113, "sentence": "我以为2个壳，原来只有一个", "label": "Negative"}
{"id": 114, "sentence": "电用光了居然冲不进电，最后找了个多功能充电器才充进电。晕死了，懒得换了。", "label": "Negative"}
{"id": 115, "sentence": "送给小孩的，挺小巧的，应该便携性好吧。", "label": "Positive"}
{"id": 116, "sentence": "刚跟派送联系到很负责，放在小区超市，迫不及待打开太坑了，第一不是正品，非常轻，以前在专柜买过2代黑色跟这个完全不一样手感差距太大.第二旧的，使用过的，必须退货，商城自营还卖假产品真是无语，看看这个线缝，刚打开的，不是亲身经历都不敢相信", "label": "Negative"}
{"id": 117, "sentence": "第一次给1分，发货晚就不说了，好在没耽误我出去旅游，今天发朋友圈的视频才发现，手机拍摄视频存在问题，尤其是拍水景的时候，屏幕下面一行都是类似马赛克一样的东西！现在人在国外，7天无理由退货是赶不上了，郁闷，赶上有问题的机子。回去看看能不能换吧！买了这款机子的也都赶快去录段看看吧！", "label": "Negative"}
{"id": 118, "sentence": "缺点：MOTO信号差真的不是个别现象，不带胶套通话中常掉话，经常接不到电话还没未接提醒。天线设计问题，查论坛带胶套解决了。但现在还是通话时不能上网。        优点：2600A2k屏，续航比同事华为v9和p10都要好，别问我为什么，我也不知道。系统用这么久无卡顿，照相平时除了能把雷雨天拍成晴天（照片曝光严重不真实）外其他和莱卡P10V9没啥区别，但弱光表现太差。。。玩游戏比华为p10v9帧数高，特别是王者玩2小时后优势太明显了。外观很漂亮。", "label": "Negative"}
{"id": 119, "sentence": "物美价廉，非常值得拥有。家里人都特别喜欢。希望以后再能买到。", "label": "Positive"}
{"id": 120, "sentence": "不好用，没两天就掉下来了。", "label": "Negative"}
{"id": 121, "sentence": "宝贝很实惠，宝宝很喜欢，下次还会再来的。宝贝很实惠，宝宝很喜欢，下次还会再来的。宝贝很实惠，宝宝很喜欢，下次还会再来的。宝贝很实惠，宝宝很喜欢，下次还会再来的。", "label": "Positive"}
{"id": 122, "sentence": "百来块钱买个麦，不敢奢求音质多好能响就行。但是无法原谅的是居然有人开封过的痕迹，就算是二手的东西包装上也花点心思，明知有缺陷明面上也不搞好点，还那么明目张胆的把货发出来。", "label": "Positive"}
{"id": 123, "sentence": "耳机不错，佩戴舒服，待机时间还行，使用方便，满意。", "label": "Positive"}
{"id": 124, "sentence": "充电又快又方便，还不错", "label": "Positive"}
{"id": 125, "sentence": "五星差评。想换个6P的电池都不给！！！", "label": "Negative"}
{"id": 126, "sentence": "耳机低音效果不错，份量可以，带了很多耳塞，很划算。", "label": "Positive"}
{"id": 127, "sentence": "看上去好高科技的样子，以后用手机操作电视就方便了，适合我这种懒癌晚期的人，还送月卡，好好好", "label": "Positive"}
{"id": 128, "sentence": "一般购物都是好评，但这个膜真心不好，透光差，抗油污差，强烈建议不要购买！强烈建议不要购买！强烈建议不要购买！重要的事情说三遍！", "label": "Negative"}
{"id": 129, "sentence": "内包装以破损，", "label": "Negative"}
{"id": 130, "sentence": "商城自营的东西，到货这么慢。说好的次日达，这都几号了，也没个说法。", "label": "Negative"}
{"id": 131, "sentence": "还可以，不过画面不能放大和倒转，手机是怎样就怎样，太小了，不方便", "label": "Negative"}
{"id": 132, "sentence": "华为是中国著名商标，相信华为，支持华为，虽然刚使用，但坚信华为是值得依赖的。祝华为的事业越干越大。支持国货，支持华为。", "label": "Positive"}
{"id": 133, "sentence": "外形很好，手机做工也很赞，就是插了SIM卡后1段时间会提示请安装SIM卡，拔打该卡号提示送关机。手机重启后1切又正常了，所以退了！在商城买了两次手机给父亲的都有问题，自己和母亲用的都无问题，唉不知怎说！", "label": "Negative"}
{"id": 134, "sentence": "商品不错，用起来简单方便，这是第二个了。第一个用了一星期让别人借走了", "label": "Positive"}
{"id": 135, "sentence": "今天刚拿到手机，打电话时发现手机听筒有吱吱吱的杂声，不满意，真怀疑是不是正品", "label": "Negative"}
{"id": 136, "sentence": "用最小号的塞子，调整后可获得良好隔音效果，总体来说比较满意。说点不满意的地方：中号的硅胶塞缺一个，有三个小号的塞子（如图），害得我一开始换塞子时好久没法调整舒适；安卓端玩音游时会有近半秒的延迟（听歌看视频都正常），非常难受；送的耳机包不是硬质ABS的，是橡胶的，不能提供很好的防挤压保护，不如我买咖啡送的铁质耳机盒结实。音质方面，三频均衡，低音下潜欠缺，人声较通透。我跑步时听广播，不听动次大次，所以还能接受。", "label": "Positive"}
{"id": 137, "sentence": "很快，等收到手机试试上机效果", "label": "Positive"}
{"id": 138, "sentence": "不存电 连一个手机都冲不满", "label": "Negative"}
{"id": 139, "sentence": "商城买的东西不咋样，中兴手机质量很烂，用没多久就出现问题。", "label": "Negative"}
{"id": 140, "sentence": "很差，很不好用", "label": "Negative"}
{"id": 141, "sentence": "真心不错，价格给力，快递给力。", "label": "Positive"}
{"id": 142, "sentence": "音质清澈，高中音不错，低音有点不足。耳机设计感不足，实际看起来比较土。按键不是触摸的，太low。", "label": "Positive"}
{"id": 143, "sentence": "保护膜四周都是对齐的，但是在摄像头和按键的位置是歪的", "label": "Negative"}
{"id": 144, "sentence": "买之前一定慎重，商城不能更换颜色", "label": "Negative"}
{"id": 145, "sentence": "宝贝收到了，非常喜欢，质量很好，快递也给力，非常愉快的一次购物，好评！", "label": "Positive"}
{"id": 146, "sentence": "第二次买了，好用，但电池续航是硬伤～", "label": "Positive"}
{"id": 147, "sentence": "不会贴，贴歪了，一贴上去就粘上了，斯一下就碎了，又在别家买了一张，同样问题，也贴歪了，但是斯下来没碎，只能说是质量问题！", "label": "Negative"}
{"id": 148, "sentence": "两天头就折了", "label": "Negative"}
{"id": 149, "sentence": "清晰度要是再高点就好了，总的来说不错", "label": "Positive"}
{"id": 150, "sentence": "对于这个价格来说，质量说得过去", "label": "Positive"}
{"id": 151, "sentence": "质量非常好 随便摔 可以为所欲为了 哈哈", "label": "Positive"}
{"id": 152, "sentence": "质量太差了", "label": "Negative"}
{"id": 153, "sentence": "买给老爸的生日礼物，用了一天还不错！送了很多配件，功能很强大还在摸索，后续再来追评吧", "label": "Positive"}
{"id": 154, "sentence": "可能是因为这种蓝牙运动耳机音质都不是那么好，不过音质也算可以了，用过某星的产品，价格比它贵 但是很烂。", "label": "Positive"}
{"id": 155, "sentence": "质量也太差了", "label": "Negative"}
{"id": 156, "sentence": "质量非常好 随便摔 可以为所欲为了 哈哈", "label": "Positive"}
{"id": 157, "sentence": "说实话 不好用 插上的时候有时会有电流声 在插两个的时候更明显。让人怀疑是不是会对手机不好", "label": "Negative"}
{"id": 158, "sentence": "不好，！得快那插头的铜片就掉了?很容易黑，铜的质量差", "label": "Negative"}
{"id": 159, "sentence": "还没有去店里换，看品质应该不错，品胜官方的，值得信赖。", "label": "Positive"}
