{"level": "na", "sentence1": "人民解放军要继续服从国家建设的大局,搞好自身的各项建设和改革,不断增强战斗力", "sentence2": "人民解放军是世界上最强力的军队之一", "label": "neutral", "label0": "neutral", "label1": "neutral", "label2": "entailment", "label3": "neutral", "label4": "neutral", "genre": "gov", "prem_id": "gov_1003", "id": 0}
{"level": "easy", "sentence1": "那小姑娘不错,挺好的,如果你们.", "sentence2": "那位小姑娘让我很反感", "label": "contradiction", "label0": null, "label1": null, "label2": null, "label3": null, "label4": null, "genre": "phone", "prem_id": "phone_1634", "id": 1}
{"level": "na", "sentence1": "后来,路灯一盏盏地灭了,天上却还滞留着几颗星星,极淡的", "sentence2": "是黎明", "label": "neutral", "label0": null, "label1": null, "label2": null, "label3": null, "label4": null, "genre": "lit", "prem_id": "lit_925", "id": 2}
{"level": "na", "sentence1": "三是为国家输送了体育后备人才,为地方争得了荣誉", "sentence2": "国家不需要体育后备人才", "label": "contradiction", "label0": null, "label1": null, "label2": null, "label3": null, "label4": null, "genre": "news", "prem_id": "news_76", "id": 3}
{"level": "medium", "sentence1": "说笑了一阵,毛毛娘舅就问有没有扑克牌,严家师母笑道:这里可没有你的对手", "sentence2": "毛毛娘舅打扑克牌打得很好", "label": "neutral", "label0": null, "label1": null, "label2": null, "label3": null, "label4": null, "genre": "lit", "prem_id": "lit_1872", "id": 4}
{"level": "na", "sentence1": "雨下得紧了,行人都打着伞", "sentence2": "路上的人都不打伞", "label": "contradiction", "label0": null, "label1": null, "label2": null, "label3": null, "label4": null, "genre": "lit", "prem_id": "lit_1095", "id": 5}
{"level": "hard", "sentence1": "一方面缺房问题不好解决,另一方面商品房无人问津", "sentence2": "说话人很头疼", "label": "neutral", "label0": "neutral", "label1": "neutral", "label2": "neutral", "label3": "neutral", "label4": "neutral", "genre": "news", "prem_id": "news_1169", "id": 6}
{"level": "easy", "sentence1": "正在他妈妈飞跑着去同住一幢楼的姥姥家取钥匙时,在楼外的人们看见一场撕人心肺的悲剧就要发生了", "sentence2": "他妈妈和姥姥住在同一幢楼", "label": "entailment", "label0": null, "label1": null, "label2": null, "label3": null, "label4": null, "genre": "news", "prem_id": "news_1312", "id": 7}
{"level": "medium", "sentence1": "1994年是国民经济继续保持良好发展势头的一年,也是推进改革的重要一年", "sentence2": "改革发生在1994年之后。", "label": "contradiction", "label0": null, "label1": null, "label2": null, "label3": null, "label4": null, "genre": "gov", "prem_id": "gov_768", "id": 8}
{"level": "medium", "sentence1": "我们住在县委招待所,清晨起床,被褥总是蒙着一层黄尘", "sentence2": "这个县委招待所很少人来居住", "label": "neutral", "label0": null, "label1": null, "label2": null, "label3": null, "label4": null, "genre": "news", "prem_id": "news_721", "id": 9}
{"level": "medium", "sentence1": "那个呀,那个呃赵一经啊.", "sentence2": "赵一经是个人", "label": "entailment", "label0": null, "label1": null, "label2": null, "label3": null, "label4": null, "genre": "phone", "prem_id": "phone_285", "id": 10}
{"level": "easy", "sentence1": "有时会忘了现实,还以为梦想是真,所编织的情节也注入了些真感情,说着说着竞伤感起来", "sentence2": "梦想就是梦,是假的。", "label": "entailment", "label0": null, "label1": null, "label2": null, "label3": null, "label4": null, "genre": "lit", "prem_id": "lit_1683", "id": 11}
{"level": "medium", "sentence1": "我想象你,你看你写小说,你协会有那种在摇滚现场,沸腾,跳跃,狂喊,你有那种女孩的经验吗", "sentence2": "“你”有过很多次那样的经验。", "label": "neutral", "label0": null, "label1": null, "label2": null, "label3": null, "label4": null, "genre": "tv", "prem_id": "tv_193", "id": 12}
{"level": "medium", "sentence1": "进一步做好侨务工作,发挥海外侨胞在促进祖国改革开放与实现和平统一大业中的作用", "sentence2": "海外侨胞在祖国改革开放与实现祖国统一大业中的作用很重要", "label": "neutral", "label0": null, "label1": null, "label2": null, "label3": null, "label4": null, "genre": "gov", "prem_id": "gov_527", "id": 13}
{"level": "na", "sentence1": "我们与国际社会携手应对金融危机", "sentence2": "金融危机只需要一个国家就能应对", "label": "contradiction", "label0": null, "label1": null, "label2": null, "label3": null, "label4": null, "genre": "gov", "prem_id": "gov_1474", "id": 14}
{"level": "hard", "sentence1": "待会你说你走吧,他说不要", "sentence2": "他说不要,因为他讨厌你", "label": "neutral", "label0": null, "label1": null, "label2": null, "label3": null, "label4": null, "genre": "tv", "prem_id": "tv_1733", "id": 15}
{"level": "na", "sentence1": "研究拟定涉及人民群众切身利益的重要法律草案和制定行政法规,要广泛征求社会各方面的意见", "sentence2": "拟定草案和法规不能一言堂", "label": "entailment", "label0": null, "label1": null, "label2": null, "label3": null, "label4": null, "genre": "gov", "prem_id": "gov_1677", "id": 16}
{"level": "medium", "sentence1": "我像南方人,我一看就是南方人", "sentence2": "我是个外国人", "label": "contradiction", "label0": null, "label1": null, "label2": null, "label3": null, "label4": null, "genre": "tv", "prem_id": "tv_1768", "id": 17}
{"level": "na", "sentence1": "要建设一支政治坚定、业务精通、清正廉洁、作风优良的公务员队伍", "sentence2": "公务员可以贪污", "label": "contradiction", "label0": null, "label1": null, "label2": null, "label3": null, "label4": null, "genre": "gov", "prem_id": "gov_689", "id": 18}
{"level": "medium", "sentence1": "从许多单位的成功经验看,最切实可行的方式是岗位学雷锋", "sentence2": "大多数单位的实行非岗位学雷锋方式都获得了极大的成功。", "label": "contradiction", "label0": null, "label1": null, "label2": null, "label3": null, "label4": null, "genre": "news", "prem_id": "news_1525", "id": 19}
{"level": "na", "sentence1": "热水汀烧得很热,有些红头涨脸的,很后悔没有穿单薄些,外套秋大衣,可穿可脱的", "sentence2": "有些人热的红头涨脸", "label": "entailment", "label0": "entailment", "label1": "entailment", "label2": "entailment", "label3": "entailment", "label4": "entailment", "genre": "lit", "prem_id": "lit_1206", "id": 20}
{"level": "medium", "sentence1": "我,现在,现在我一般是晚上在家.", "sentence2": "我一般晚上不在家", "label": "contradiction", "label0": null, "label1": null, "label2": null, "label3": null, "label4": null, "genre": "phone", "prem_id": "phone_400", "id": 21}
{"level": "medium", "sentence1": "哎,对,我现在是晚上十一点半多了.", "sentence2": "我这边不是晚上十一点。", "label": "contradiction", "label0": null, "label1": null, "label2": null, "label3": null, "label4": null, "genre": "phone", "prem_id": "phone_592", "id": 22}
{"level": "medium", "sentence1": "事情到了这步,王琦瑶心里倒有些害怕", "sentence2": "王琦瑶很奇怪事情怎么会发展成这样", "label": "contradiction", "label0": null, "label1": null, "label2": null, "label3": null, "label4": null, "genre": "lit", "prem_id": "lit_647", "id": 23}
{"level": "medium", "sentence1": "就是一个人在社会制约越少的时候,他越迷信,所谓迷就是像迷一样的信另外一件事", "sentence2": "地位高的人比较迷信", "label": "neutral", "label0": null, "label1": null, "label2": null, "label3": null, "label4": null, "genre": "tv", "prem_id": "tv_984", "id": 24}
{"level": "na", "sentence1": "也许就对两弹一星做出新的贡献了", "sentence2": "他对两弹一星有研究", "label": "entailment", "label0": null, "label1": null, "label2": null, "label3": null, "label4": null, "genre": "tv", "prem_id": "tv_543", "id": 25}
{"level": "medium", "sentence1": "无论是当前还是今后,吸收外资和引进技术都必须符合我国的产业政策", "sentence2": "针对吸收外资和引进技术,我国产业政策明年将有大的调整", "label": "neutral", "label0": null, "label1": null, "label2": null, "label3": null, "label4": null, "genre": "gov", "prem_id": "gov_549", "id": 26}
{"level": "na", "sentence1": "经营企业的人去看一看这个专利市场,或许会受不少启发呢", "sentence2": "企业经营者要不断学习相关知识", "label": "neutral", "label0": "neutral", "label1": "neutral", "label2": "neutral", "label3": "neutral", "label4": "neutral", "genre": "news", "prem_id": "news_1799", "id": 27}
{"level": "medium", "sentence1": "这次,他打听了路线,几经艰辛,好容易游到岸边,可是什么也没看到,就被撵回来了", "sentence2": "他被撵回来了", "label": "entailment", "label0": null, "label1": null, "label2": null, "label3": null, "label4": null, "genre": "news", "prem_id": "news_405", "id": 28}
{"level": "na", "sentence1": "呃,清楚啊,我这都挺好的.", "sentence2": "我奄奄一息", "label": "contradiction", "label0": "contradiction", "label1": "contradiction", "label2": "contradiction", "label3": "contradiction", "label4": "contradiction", "genre": "phone", "prem_id": "phone_921", "id": 29}
{"level": "medium", "sentence1": "妇女之友看出来了吧,姐姐们都是拿着范儿,姐姐们都是文艺工作者", "sentence2": "“姐姐们”比“妇女之友”年纪大", "label": "entailment", "label0": null, "label1": null, "label2": null, "label3": null, "label4": null, "genre": "tv", "prem_id": "tv_31", "id": 30}
{"level": "easy", "sentence1": "安政府主张明确规定停火日,而从停火到大选的期限则应在以后由安所有政治力量共同商定", "sentence2": "至于停火到大选的期限,就现在立刻决定吧", "label": "contradiction", "label0": null, "label1": null, "label2": null, "label3": null, "label4": null, "genre": "news", "prem_id": "news_1539", "id": 31}
