{"level": "hard", "sentence1": "七五期间开始,国家又投资将武汉市区的部分土堤改建为钢筋泥凝土防水墙", "sentence2": "八五期间会把剩下的土堤都改建完", "label": "neutral", "label0": null, "label1": null, "label2": null, "label3": null, "label4": null, "genre": "news", "prem_id": "news_1553", "id": 0}
{"level": "medium", "sentence1": "相反,一些小摊小贩乘机抬高食品的价格,主要是风味小吃和饮料,来抠我们本已羞涩的腰包", "sentence2": "我们手头目前都比较宽裕", "label": "contradiction", "label0": null, "label1": null, "label2": null, "label3": null, "label4": null, "genre": "news", "prem_id": "news_206", "id": 1}
{"level": "hard", "sentence1": "它是没有章法,乱了套的,也不按规矩来,到哪算哪的,有点流氓地痞气的", "sentence2": "这里章法指的是中华人民共和国宪法", "label": "neutral", "label0": null, "label1": null, "label2": null, "label3": null, "label4": null, "genre": "lit", "prem_id": "lit_839", "id": 2}
{"level": "easy", "sentence1": "我们要继续向贫困宣战,决不让贫困代代相传", "sentence2": "贫困现象已经有所好转。", "label": "neutral", "label0": null, "label1": null, "label2": null, "label3": null, "label4": null, "genre": "gov", "prem_id": "gov_124", "id": 3}
{"level": "easy", "sentence1": "她又说:阿二怎么养阿姐呢", "sentence2": "她从没听说过阿二和阿姐", "label": "contradiction", "label0": null, "label1": null, "label2": null, "label3": null, "label4": null, "genre": "lit", "prem_id": "lit_1025", "id": 4}
{"level": "easy", "sentence1": "张永红禁不住惭愧地想:她们这时代的时尚,只不过是前朝几代的零头,她们要补的课实在太多了", "sentence2": "张永红为她们这个时代的时尚感到骄傲", "label": "contradiction", "label0": null, "label1": null, "label2": null, "label3": null, "label4": null, "genre": "lit", "prem_id": "lit_911", "id": 5}
{"level": "medium", "sentence1": "中国一贯奉行独立自主的和平外交政策,支持世界人民的正义事业,反对霸权主义,维护世界和平,促进共同发展", "sentence2": "我国只注重自己发展", "label": "contradiction", "label0": null, "label1": null, "label2": null, "label3": null, "label4": null, "genre": "gov", "prem_id": "gov_1401", "id": 6}
{"level": "medium", "sentence1": "年内要重点抓好五个方面", "sentence2": "要重点避免这五个方面", "label": "contradiction", "label0": null, "label1": null, "label2": null, "label3": null, "label4": null, "genre": "gov", "prem_id": "gov_1134", "id": 7}
{"level": "easy", "sentence1": "散会后,几个负责人边走边议论说:刁市长动真格啦", "sentence2": "几个负责人没有参加会议", "label": "contradiction", "label0": null, "label1": null, "label2": null, "label3": null, "label4": null, "genre": "news", "prem_id": "news_416", "id": 8}
{"level": "easy", "sentence1": "通过增加居民收入提高消费能力,完善消费政策,培育消费热点", "sentence2": "消费是经济增长的重要因素。", "label": "entailment", "label0": null, "label1": null, "label2": null, "label3": null, "label4": null, "genre": "gov", "prem_id": "gov_548", "id": 9}
{"level": "easy", "sentence1": "其实我觉得你不懂球啊", "sentence2": "你不懂篮球。", "label": "neutral", "label0": null, "label1": null, "label2": null, "label3": null, "label4": null, "genre": "tv", "prem_id": "tv_929", "id": 10}
{"level": "na", "sentence1": "散步后,小平同志在省市负责人陪同下,乘车观光深圳市容", "sentence2": "省市负责人是深圳的", "label": "entailment", "label0": null, "label1": null, "label2": null, "label3": null, "label4": null, "genre": "news", "prem_id": "news_1075", "id": 11}
{"level": "medium", "sentence1": "你看潘老师,这是主要符合观众特点的", "sentence2": "潘老师是一名受到观众欢迎的演员", "label": "neutral", "label0": null, "label1": null, "label2": null, "label3": null, "label4": null, "genre": "tv", "prem_id": "tv_631", "id": 12}
{"level": "medium", "sentence1": ",“我瞅你咋地", "sentence2": "我就要瞅你", "label": "entailment", "label0": null, "label1": null, "label2": null, "label3": null, "label4": null, "genre": "tv", "prem_id": "tv_1613", "id": 13}
{"level": "easy", "sentence1": "柔弱如王琦瑶,除了耐心还有什么可作争取的武器", "sentence2": "王琦瑶做事情很急躁", "label": "contradiction", "label0": null, "label1": null, "label2": null, "label3": null, "label4": null, "genre": "lit", "prem_id": "lit_370", "id": 14}
{"level": "na", "sentence1": "他现在钱都没有留给孩子,从现在开始,目前查克正以每年4亿美元的速度散财", "sentence2": "查克每年都在散财", "label": "entailment", "label0": null, "label1": null, "label2": null, "label3": null, "label4": null, "genre": "tv", "prem_id": "tv_1929", "id": 15}
{"level": "easy", "sentence1": "(开始各说各话),你讲,你讲,(讲真,印度英语真不容易懂)", "sentence2": "印度英语可以学会", "label": "neutral", "label0": null, "label1": null, "label2": null, "label3": null, "label4": null, "genre": "tv", "prem_id": "tv_1976", "id": 16}
{"level": "medium", "sentence1": "嗯,买计算机也要钱啊.", "sentence2": "除了买计算机外还要买别的东西。", "label": "entailment", "label0": null, "label1": null, "label2": null, "label3": null, "label4": null, "genre": "phone", "prem_id": "phone_783", "id": 17}
{"level": "medium", "sentence1": "迹象表明,在前6轮谈判取得进展的基础上,双方有可能克服最后分歧,达成停火协议", "sentence2": "双方处于和平状态", "label": "contradiction", "label0": null, "label1": null, "label2": null, "label3": null, "label4": null, "genre": "news", "prem_id": "news_1039", "id": 18}
{"level": "na", "sentence1": "过圣诞的事,是由这城市里最摩登的人物担任", "sentence2": "过圣诞的事情,由外城人来办", "label": "contradiction", "label0": null, "label1": null, "label2": null, "label3": null, "label4": null, "genre": "lit", "prem_id": "lit_684", "id": 19}
{"level": "na", "sentence1": "重点建设取得新成就", "sentence2": "建设必须抓重点", "label": "neutral", "label0": null, "label1": null, "label2": null, "label3": null, "label4": null, "genre": "gov", "prem_id": "gov_1286", "id": 20}
{"level": "easy", "sentence1": "双方官员以及中英、中葡联合联络小组通过磋商,就有关顺利过渡的一系列问题达成了协议", "sentence2": "中国官员在此次磋商中起了重要的作用。", "label": "neutral", "label0": null, "label1": null, "label2": null, "label3": null, "label4": null, "genre": "gov", "prem_id": "gov_625", "id": 21}
{"level": "easy", "sentence1": "算了,我回去再跟你讲啦.", "sentence2": "是很重要的事情。", "label": "neutral", "label0": null, "label1": null, "label2": null, "label3": null, "label4": null, "genre": "phone", "prem_id": "phone_460", "id": 22}
{"level": "na", "sentence1": "紧扣国家发展战略,加快实施一批重点项目", "sentence2": "很多项目将会被实施", "label": "entailment", "label0": null, "label1": null, "label2": null, "label3": null, "label4": null, "genre": "gov", "prem_id": "gov_868", "id": 23}
{"level": "hard", "sentence1": "中国有一句俗话你可能听过,叫把它生米先做成熟饭,就是这个意思", "sentence2": "中国的俗话我一句都不知道", "label": "contradiction", "label0": null, "label1": null, "label2": null, "label3": null, "label4": null, "genre": "tv", "prem_id": "tv_1759", "id": 24}
{"level": "medium", "sentence1": "全是叫生计熬炼的,挤子汁,沥干水,凝结成块,怎么样的激荡也泛不起来", "sentence2": "温度很低", "label": "neutral", "label0": null, "label1": null, "label2": null, "label3": null, "label4": null, "genre": "lit", "prem_id": "lit_636", "id": 25}
{"level": "easy", "sentence1": "然后,另外一个人进来,他说你看我眼睛,一看他说就是他,他说没审我就知道肯定是这个人了", "sentence2": "这个人是罪犯", "label": "neutral", "label0": null, "label1": null, "label2": null, "label3": null, "label4": null, "genre": "tv", "prem_id": "tv_1416", "id": 26}
{"level": "easy", "sentence1": "五是改进社会治理方式,保持社会和谐稳定", "sentence2": "社会治理无需关注", "label": "contradiction", "label0": null, "label1": null, "label2": null, "label3": null, "label4": null, "genre": "gov", "prem_id": "gov_1366", "id": 27}
{"level": "medium", "sentence1": "以后,想帮家里安个电话.", "sentence2": "是孩子说的", "label": "neutral", "label0": null, "label1": null, "label2": null, "label3": null, "label4": null, "genre": "phone", "prem_id": "phone_1997", "id": 28}
{"level": "na", "sentence1": "以前要多的多啊,没事儿.", "sentence2": "以前是现在的两倍", "label": "neutral", "label0": null, "label1": null, "label2": null, "label3": null, "label4": null, "genre": "phone", "prem_id": "phone_1793", "id": 29}
{"level": "hard", "sentence1": "这样的夜晚真是很凄凉,无思无想,也没有梦,就像死了一样", "sentence2": "这个夜晚很冷", "label": "neutral", "label0": null, "label1": null, "label2": null, "label3": null, "label4": null, "genre": "lit", "prem_id": "lit_323", "id": 30}
{"level": "easy", "sentence1": "国内生产总值突破3万亿元大关,比上年增长百分之十三点四", "sentence2": "去年国内生产总值小于三万亿", "label": "entailment", "label0": null, "label1": null, "label2": null, "label3": null, "label4": null, "genre": "gov", "prem_id": "gov_127", "id": 31}
